-- MySQL dump 10.13  Distrib 8.0.19, for Win64 (x86_64)
--
-- Host: localhost    Database: db_kp
-- ------------------------------------------------------
-- Server version	8.0.43

/*!40101 SET @OLD_CHARACTER_SET_CLIENT=@@CHARACTER_SET_CLIENT */;
/*!40101 SET @OLD_CHARACTER_SET_RESULTS=@@CHARACTER_SET_RESULTS */;
/*!40101 SET @OLD_COLLATION_CONNECTION=@@COLLATION_CONNECTION */;
/*!50503 SET NAMES utf8mb4 */;
/*!40103 SET @OLD_TIME_ZONE=@@TIME_ZONE */;
/*!40103 SET TIME_ZONE='+00:00' */;
/*!40014 SET @OLD_UNIQUE_CHECKS=@@UNIQUE_CHECKS, UNIQUE_CHECKS=0 */;
/*!40014 SET @OLD_FOREIGN_KEY_CHECKS=@@FOREIGN_KEY_CHECKS, FOREIGN_KEY_CHECKS=0 */;
/*!40101 SET @OLD_SQL_MODE=@@SQL_MODE, SQL_MODE='NO_AUTO_VALUE_ON_ZERO' */;
/*!40111 SET @OLD_SQL_NOTES=@@SQL_NOTES, SQL_NOTES=0 */;

--
-- Table structure for table `admin_notifications`
--

DROP TABLE IF EXISTS `admin_notifications`;
/*!40101 SET @saved_cs_client     = @@character_set_client */;
/*!50503 SET character_set_client = utf8mb4 */;
CREATE TABLE `admin_notifications` (
  `id` int NOT NULL AUTO_INCREMENT,
  `title` varchar(255) COLLATE utf8mb4_unicode_ci NOT NULL,
  `message` text COLLATE utf8mb4_unicode_ci NOT NULL,
  `related_type` varchar(50) COLLATE utf8mb4_unicode_ci DEFAULT NULL,
  `type` enum('rental_request','system','user_activity') COLLATE utf8mb4_unicode_ci DEFAULT 'system',
  `priority` enum('low','medium','high') COLLATE utf8mb4_unicode_ci DEFAULT 'medium',
  `is_read` tinyint(1) DEFAULT '0',
  `related_id` int DEFAULT NULL,
  `created_at` timestamp NOT NULL DEFAULT CURRENT_TIMESTAMP,
  PRIMARY KEY (`id`)
) ENGINE=InnoDB AUTO_INCREMENT=47 DEFAULT CHARSET=utf8mb4 COLLATE=utf8mb4_unicode_ci;
/*!40101 SET character_set_client = @saved_cs_client */;

--
-- Dumping data for table `admin_notifications`
--

LOCK TABLES `admin_notifications` WRITE;
/*!40000 ALTER TABLE `admin_notifications` DISABLE KEYS */;
INSERT INTO `admin_notifications` VALUES (2,'Pengajuan Sewa Baru','Pengajuan sewa baru dari Test User untuk aset \"Tanah Surabaya Timur 1\". Durasi: 3 bulan, Total biaya: Rp 6,284,013. Klik untuk melihat detail dan memproses pengajuan.','rental_request','system','medium',1,5,'2025-07-27 23:52:33'),(3,'Pengajuan Sewa Baru','Pengajuan sewa baru dari arya untuk aset \"Bangunan Surabaya Timur 3\". Durasi: 24 bulan, Total biaya: Rp 19,955,208. Klik untuk melihat detail dan memproses pengajuan.','rental_request','system','medium',1,6,'2025-07-28 00:32:24'),(4,'Test Notifikasi','Test untuk memastikan notifikasi berfungsi','system','system','medium',1,NULL,'2025-07-28 00:38:21'),(5,'Pengajuan Sewa Baru','Pengajuan sewa baru dari arya untuk aset \"Tanah Surabaya Timur 1\". Durasi: 6 bulan, Total biaya: Rp 12,568,026. Klik untuk melihat detail dan memproses pengajuan.','rental_request','system','medium',1,7,'2025-07-28 01:49:42'),(6,'Pengajuan Sewa Baru','Pengajuan sewa baru dari arya untuk aset \"Bangunan Surabaya Timur 5\". Durasi: 24 bulan, Total biaya: Rp 36,422,640. Klik untuk melihat detail dan memproses pengajuan.','rental_request','system','medium',1,8,'2025-07-28 02:38:52'),(7,'Test Notification','Test notification created at 2025-07-28 23:02:30','system_test','system','medium',1,NULL,'2025-07-28 09:02:31'),(8,'Pengajuan Sewa Baru','Pengajuan sewa baru dari rara untuk aset \"Tanah Surabaya Pusat 2\". Durasi: 12 bulan, Total biaya: Rp 21,558,120. Klik untuk melihat detail dan memproses pengajuan.','rental_request','system','medium',1,14,'2025-07-28 09:16:37'),(9,'Pengajuan Sewa Baru','Pengajuan sewa baru dari rara untuk aset \"Bangunan Surabaya Timur 3\". Durasi: 6 bulan, Total biaya: Rp 4,988,802. Klik untuk melihat detail dan memproses pengajuan.','rental_request','system','medium',1,15,'2025-07-28 09:17:16'),(10,'Pengajuan Sewa Baru','Pengajuan sewa baru dari rara untuk aset \"Bangunan Surabaya Timur 3\". Durasi: 12 bulan, Total biaya: Rp 9,977,604. Klik untuk melihat detail dan memproses pengajuan.','rental_request','system','medium',1,16,'2025-07-28 16:30:11'),(11,'Permintaan Sewa Baru dari John Doe','Permintaan sewa untuk aset \'Tanah Surabaya Timur 1\' perlu ditinjau. Durasi: 12 bulan.','rental_request','system','medium',1,22,'2025-07-28 21:27:25'),(12,'Permintaan Sewa Baru dari Jane Smith','Permintaan sewa untuk aset \'Tanah Surabaya Pusat 2\' perlu ditinjau. Durasi: 6 bulan.','rental_request','system','medium',1,23,'2025-07-28 21:27:25'),(13,'Permintaan Sewa Baru dari Ahmad Wijaya','Permintaan sewa untuk aset \'Bangunan Surabaya Timur 3\' perlu ditinjau. Durasi: 24 bulan.','rental_request','system','medium',1,24,'2025-07-28 21:27:25'),(14,'Pengajuan Sewa Baru','Pengajuan sewa baru dari arya untuk aset \"Tanah Surabaya Pusat 2\". Durasi: 12 bulan, Total biaya: Rp 21,558,120. Klik untuk melihat detail dan memproses pengajuan.','rental_request','system','medium',1,25,'2025-07-28 21:45:01'),(15,'Pengajuan Sewa Baru','Pengajuan sewa baru dari arya untuk aset \"Bangunan Surabaya Timur 5\". Durasi: 6 bulan, Total biaya: Rp 9,105,660. Klik untuk melihat detail dan memproses pengajuan.','rental_request','system','medium',1,26,'2025-07-29 00:03:13'),(16,'Rental Ended','Rental for Tanah Surabaya Pusat 2 has been ended by admin. Asset is now available.','rental_request','system','medium',1,25,'2025-07-29 20:10:44'),(17,'Rental Ended','Rental for Bangunan Surabaya Timur 5 has been ended by admin. Asset is now available.','rental_request','system','medium',1,26,'2025-07-29 20:24:40'),(18,'Pengajuan Sewa Baru','Pengajuan sewa baru dari arya untuk aset \"tanah brb\". Durasi: 6 bulan, Total biaya: Rp 48,000,000. Klik untuk melihat detail dan memproses pengajuan.','rental_request','system','medium',1,38,'2025-07-29 23:25:15'),(19,'Pengajuan Sewa Baru','Pengajuan sewa baru dari adolf hitler untuk aset \"tanah dedi 4\". Durasi: 3 bulan, Total biaya: Rp 599,997. Klik untuk melihat detail dan memproses pengajuan.','rental_request','system','medium',1,39,'2025-07-30 01:33:25'),(20,'Pengajuan Sewa Baru','Pengajuan sewa baru dari adolf hitler untuk aset \"tanah dedi 5\". Durasi: 3 bulan, Total biaya: Rp 599,997. Klik untuk melihat detail dan memproses pengajuan.','rental_request','system','medium',1,40,'2025-07-30 19:52:24'),(21,'Pengajuan Sewa Baru','Pengajuan sewa baru dari adolf hitler untuk aset \"Tanah Surabaya Pusat 2\". Durasi: 1 bulan, Total biaya: Rp 1,796,510. Klik untuk melihat detail dan memproses pengajuan.','rental_request','system','medium',1,41,'2025-07-30 20:14:39'),(22,'Rental Ended','Rental for tanah dedi 5 has been ended by admin. Asset is now available.','rental_request','system','medium',1,40,'2025-07-30 21:02:43'),(23,'Rental Ended','Rental for tanah dedi 4 has been ended by admin. Asset is now available.','rental_request','system','medium',1,39,'2025-07-30 21:02:47'),(24,'Pengajuan Sewa Baru','Pengajuan sewa baru dari adolf hitler untuk aset \"Bangunan Surabaya Selatan 6\". Durasi: 1 bulan, Total biaya: Rp 795,989. Klik untuk melihat detail dan memproses pengajuan.','rental_request','system','medium',1,42,'2025-07-30 21:29:55'),(25,'Rental Ended','Rental for midtrans has been ended by admin. Asset is now available.','rental_transaction','system','medium',1,16,'2025-07-30 22:59:38'),(26,'Pengajuan Sewa Baru','Pengajuan sewa baru dari adolf hitler untuk aset \"Tanah Surabaya Barat 40\". Durasi: 1 bulan, Total biaya: Rp 1,326,369. Klik untuk melihat detail dan memproses pengajuan.','rental_request','system','medium',1,43,'2025-07-30 23:34:45'),(27,'Permintaan Sewa Baru dari adolf hitler','Permintaan sewa untuk aset \'Tanah Surabaya Barat 40\' perlu ditinjau. Durasi: 1 bulan.','rental_request','system','medium',1,43,'2025-08-01 00:05:20'),(28,'Permintaan Sewa Baru dari Test User','Permintaan sewa untuk aset \'Tanah Surabaya Barat 8\' perlu ditinjau. Durasi: 6 bulan.','rental_request','system','medium',1,45,'2025-08-01 00:12:43'),(29,'Permintaan Sewa Baru dari Test User Comprehensive','Permintaan sewa untuk aset \'Bangunan Surabaya Timur 9\' perlu ditinjau. Durasi: 3 bulan.','rental_request','system','medium',1,46,'2025-08-01 00:16:54'),(30,'Pengajuan Sewa Baru','Pengajuan sewa baru dari arya untuk aset \"Bangunan Surabaya Pusat 11\". Durasi: 12 bulan, Total biaya: Rp 20,858,796. Klik untuk melihat detail dan memproses pengajuan.','rental_request','system','medium',1,47,'2025-08-01 23:30:19'),(31,'Rental Ended','Rental for midtrans has been ended by admin. Asset is now available.','rental_transaction','system','medium',1,17,'2025-08-01 23:57:15'),(32,'Pengajuan Sewa Baru','Pengajuan sewa baru dari arya untuk aset \"Bangunan Surabaya Selatan 6\". Durasi: 24 bulan, Total biaya: Rp 19,103,736. Klik untuk melihat detail dan memproses pengajuan.','rental_request','system','medium',1,48,'2025-08-02 00:10:13'),(33,'Pengajuan Sewa Baru','Ada pengajuan sewa baru yang perlu diproses untuk aset ID 69','rental_request','system','medium',1,51,'2025-08-03 09:22:02'),(34,'Pengajuan Sewa Baru','Ada pengajuan sewa baru yang perlu diproses untuk aset ID 145','rental_request','system','medium',1,52,'2025-08-03 09:31:58'),(35,'Pengajuan Sewa Baru','Ada pengajuan sewa baru yang perlu diproses untuk aset ID 146','rental_request','system','medium',1,54,'2025-08-03 21:17:58'),(36,'Pengajuan Sewa Baru','Ada pengajuan sewa baru yang perlu diproses untuk aset ID 153','rental_request','system','medium',1,55,'2025-08-04 23:34:35'),(37,'Pengajuan Sewa Baru','Ada pengajuan sewa baru yang perlu diproses untuk aset ID 153','rental_request','system','medium',1,56,'2025-08-04 23:34:56'),(38,'Pengajuan Sewa Baru','Ada pengajuan sewa baru yang perlu diproses untuk aset ID 152','rental_request','system','medium',1,57,'2025-08-04 23:35:30'),(39,'Pengajuan Sewa Baru','Ada pengajuan sewa baru yang perlu diproses untuk aset ID 153','rental_request','system','medium',1,58,'2025-08-04 23:35:47'),(40,'Pengajuan Sewa Baru','Ada pengajuan sewa baru yang perlu diproses untuk aset ID 150','rental_request','system','medium',1,59,'2025-08-04 23:44:16'),(41,'Pengajuan Sewa Baru dari tiotino','Permintaan sewa untuk \"Pusat Distribusi Lakarsantri\" telah diajukan. Durasi: 24 bulan. Total biaya: Rp 484,050,384. Klik untuk meninjau dan memproses pengajuan.','rental_request','system','medium',1,60,'2025-08-05 00:02:05'),(42,'Pengajuan Sewa Baru dari tiotino','Permintaan sewa untuk \"Workshop Wiyung\" telah diajukan. Durasi: 12 bulan. Total biaya: Rp 514,964,220. Klik untuk meninjau dan memproses pengajuan.','rental_request','system','medium',1,61,'2025-08-05 00:15:36'),(43,'Pengajuan Sewa Baru dari tiotino','Permintaan sewa untuk \"Fasilitas Produksi Pakal\" telah diajukan. Durasi: 24 bulan. Total biaya: Rp 593,945,400. Klik untuk meninjau dan memproses pengajuan.','rental_request','system','medium',1,62,'2025-08-05 00:34:37'),(44,'Pengajuan Sewa Baru dari tiotino','Permintaan sewa untuk \"Workshop Wiyung\" telah diajukan. Durasi: 24 bulan. Total biaya: Rp 1,029,928,440. Klik untuk meninjau dan memproses pengajuan.','rental_request','system','medium',1,63,'2025-08-05 00:36:09'),(45,'Pengajuan Sewa Baru dari tiotino','Permintaan sewa untuk \"Gedung Perkantoran Sukolilo\" telah diajukan. Durasi: 12 bulan. Total biaya: Rp 839,019,648. Klik untuk meninjau dan memproses pengajuan.','rental_request','system','medium',1,64,'2025-08-05 00:43:06'),(46,'Pengajuan Sewa Baru dari tiotino','Permintaan sewa untuk \"Gedung Training Sambikerep\" telah diajukan. Durasi: 24 bulan. Total biaya: Rp 601,979,856. Klik untuk meninjau dan memproses pengajuan.','rental_request','system','medium',1,65,'2025-08-05 00:46:52');
/*!40000 ALTER TABLE `admin_notifications` ENABLE KEYS */;
UNLOCK TABLES;

--
-- Table structure for table `pengajuan_sewa`
--

DROP TABLE IF EXISTS `pengajuan_sewa`;
/*!40101 SET @saved_cs_client     = @@character_set_client */;
/*!50503 SET character_set_client = utf8mb4 */;
CREATE TABLE `pengajuan_sewa` (
  `id` int NOT NULL AUTO_INCREMENT,
  `user_id` int DEFAULT NULL,
  `aset_id` int DEFAULT NULL,
  `jenis_aset` enum('tanah','tanah_bangunan') COLLATE utf8mb4_unicode_ci NOT NULL,
  `nama_penyewa` varchar(100) COLLATE utf8mb4_unicode_ci NOT NULL,
  `email` varchar(100) COLLATE utf8mb4_unicode_ci NOT NULL,
  `telepon` varchar(20) COLLATE utf8mb4_unicode_ci NOT NULL,
  `durasi_sewa` int NOT NULL COMMENT 'dalam bulan',
  `tanggal_mulai` date DEFAULT NULL,
  `pesan` text COLLATE utf8mb4_unicode_ci,
  `status` enum('pending','approved','rejected','completed') COLLATE utf8mb4_unicode_ci DEFAULT 'pending',
  `created_at` timestamp NOT NULL DEFAULT CURRENT_TIMESTAMP,
  `updated_at` timestamp NOT NULL DEFAULT CURRENT_TIMESTAMP ON UPDATE CURRENT_TIMESTAMP,
  PRIMARY KEY (`id`),
  KEY `user_id` (`user_id`),
  KEY `aset_id` (`aset_id`),
  CONSTRAINT `pengajuan_sewa_ibfk_1` FOREIGN KEY (`user_id`) REFERENCES `users` (`id`) ON DELETE SET NULL,
  CONSTRAINT `pengajuan_sewa_ibfk_2` FOREIGN KEY (`aset_id`) REFERENCES `rental_assets` (`id`) ON DELETE CASCADE
) ENGINE=InnoDB DEFAULT CHARSET=utf8mb4 COLLATE=utf8mb4_unicode_ci;
/*!40101 SET character_set_client = @saved_cs_client */;

--
-- Dumping data for table `pengajuan_sewa`
--

LOCK TABLES `pengajuan_sewa` WRITE;
/*!40000 ALTER TABLE `pengajuan_sewa` DISABLE KEYS */;
/*!40000 ALTER TABLE `pengajuan_sewa` ENABLE KEYS */;
UNLOCK TABLES;

--
-- Table structure for table `rental_assets`
--

DROP TABLE IF EXISTS `rental_assets`;
/*!40101 SET @saved_cs_client     = @@character_set_client */;
/*!50503 SET character_set_client = utf8mb4 */;
CREATE TABLE `rental_assets` (
  `id` int NOT NULL AUTO_INCREMENT,
  `name` varchar(255) NOT NULL,
  `asset_type` enum('tanah','bangunan') NOT NULL DEFAULT 'tanah',
  `kecamatan` varchar(100) NOT NULL,
  `alamat` text,
  `luas_tanah` decimal(10,2) DEFAULT NULL,
  `luas_bangunan` decimal(10,2) DEFAULT NULL,
  `kamar_tidur` int DEFAULT NULL,
  `kamar_mandi` int DEFAULT NULL,
  `jumlah_lantai` int DEFAULT '1',
  `njop_per_m2` decimal(15,2) DEFAULT NULL,
  `harga_sewa` decimal(15,2) NOT NULL,
  `sertifikat` enum('SHM','HGB','Lainnya') NOT NULL,
  `jenis_zona` enum('Perumahan','Komersial','Industri') DEFAULT 'Perumahan',
  `aksesibilitas` enum('Sangat Baik','Baik','Cukup','Kurang') DEFAULT 'Baik',
  `tingkat_keamanan` enum('Tinggi','Sedang','Rendah') DEFAULT 'Sedang',
  `daya_listrik` varchar(20) DEFAULT NULL,
  `kondisi_properti` enum('Sangat Baik','Baik','Cukup','Butuh Renovasi') DEFAULT 'Baik',
  `deskripsi` text,
  `photos` longtext CHARACTER SET utf8mb4 COLLATE utf8mb4_bin,
  `status` enum('available','rented','maintenance') DEFAULT 'available',
  `created_at` timestamp NOT NULL DEFAULT CURRENT_TIMESTAMP,
  `updated_at` timestamp NOT NULL DEFAULT CURRENT_TIMESTAMP ON UPDATE CURRENT_TIMESTAMP,
  PRIMARY KEY (`id`)
) ENGINE=InnoDB AUTO_INCREMENT=176 DEFAULT CHARSET=utf8mb4 COLLATE=utf8mb4_0900_ai_ci;
/*!40101 SET character_set_client = @saved_cs_client */;

--
-- Dumping data for table `rental_assets`
--

LOCK TABLES `rental_assets` WRITE;
/*!40000 ALTER TABLE `rental_assets` DISABLE KEYS */;
INSERT INTO `rental_assets` VALUES (64,'Tanah Surabaya Timur 1','tanah','Surabaya Timur','Jl. Contoh No.1, Surabaya Timur, Surabaya',149.00,0.00,0,0,0,1574421.00,2094671.00,'SHM','Perumahan','Cukup','Sedang','3500 VA','Baik','Tanah Surabaya Timur 1 berlokasi strategis di Surabaya Timur. Cocok untuk investasi atau tempat tinggal. Akses mudah ke fasilitas umum.',NULL,'rented','2025-07-27 22:03:07','2025-07-28 21:54:32'),(65,'Tanah Surabaya Pusat 2','tanah','Surabaya Pusat','Jl. Contoh No.2, Surabaya Pusat, Surabaya',343.00,0.00,0,0,0,1563406.00,1796510.00,'HGB','Komersial','Cukup','Sedang','900 VA','Cukup','Tanah Surabaya Pusat 2 berlokasi strategis di Surabaya Pusat. Cocok untuk investasi atau tempat tinggal. Akses mudah ke fasilitas umum.',NULL,'rented','2025-07-27 22:03:07','2025-07-31 04:01:21'),(66,'Bangunan Surabaya Timur 3','bangunan','Surabaya Timur','Jl. Contoh No.3, Surabaya Timur, Surabaya',195.00,143.00,2,2,2,567209.00,831467.00,'SHM','Komersial','Baik','Sedang','900 VA','Baik','Bangunan Surabaya Timur 3 berlokasi strategis di Surabaya Timur. Cocok untuk investasi atau tempat tinggal. Akses mudah ke fasilitas umum.',NULL,'rented','2025-07-27 22:03:07','2025-07-28 22:10:08'),(67,'Tanah Surabaya Pusat 4','tanah','Surabaya Pusat','Jl. Contoh No.4, Surabaya Pusat, Surabaya',275.00,0.00,0,0,0,1879777.00,2611184.00,'HGB','Komersial','Cukup','Sedang','1300 VA','Cukup','Tanah Surabaya Pusat 4 berlokasi strategis di Surabaya Pusat. Cocok untuk investasi atau tempat tinggal. Akses mudah ke fasilitas umum.',NULL,'rented','2025-07-27 22:03:07','2025-07-29 00:54:04'),(68,'Bangunan Surabaya Timur 5','bangunan','Surabaya Timur','Jl. Contoh No.5, Surabaya Timur, Surabaya',60.00,131.00,3,1,1,735794.00,1517610.00,'SHM','Perumahan','Cukup','Tinggi','2200 VA','Cukup','Bangunan Surabaya Timur 5 berlokasi strategis di Surabaya Timur. Cocok untuk investasi atau tempat tinggal. Akses mudah ke fasilitas umum.',NULL,'rented','2025-07-27 22:03:07','2025-07-31 04:00:48'),(69,'Bangunan Surabaya Selatan 6','bangunan','Surabaya Selatan','Jl. Contoh No.6, Surabaya Selatan, Surabaya',131.00,99.00,2,2,1,526107.00,795989.00,'HGB','Perumahan','Baik','Tinggi','2200 VA','Baik','Bangunan Surabaya Selatan 6 berlokasi strategis di Surabaya Selatan. Cocok untuk investasi atau tempat tinggal. Akses mudah ke fasilitas umum.',NULL,'rented','2025-07-27 22:03:07','2025-08-03 09:51:54'),(70,'Bangunan Surabaya Timur 7','bangunan','Surabaya Timur','Jl. Contoh No.7, Surabaya Timur, Surabaya',169.00,143.00,2,1,1,1210996.00,1676435.00,'HGB','Komersial','Baik','Tinggi','1300 VA','Cukup','Bangunan Surabaya Timur 7 berlokasi strategis di Surabaya Timur. Cocok untuk investasi atau tempat tinggal. Akses mudah ke fasilitas umum.',NULL,'rented','2025-07-27 22:03:07','2025-08-01 06:00:42'),(71,'Tanah Surabaya Barat 8','tanah','Surabaya Barat','Jl. Contoh No.8, Surabaya Barat, Surabaya',257.00,0.00,0,0,0,1856411.00,2607640.00,'HGB','Perumahan','Baik','Sedang','2200 VA','Baik','Tanah Surabaya Barat 8 berlokasi strategis di Surabaya Barat. Cocok untuk investasi atau tempat tinggal. Akses mudah ke fasilitas umum.',NULL,'rented','2025-07-27 22:03:07','2025-08-01 00:14:53'),(72,'Bangunan Surabaya Timur 9','bangunan','Surabaya Timur','Jl. Contoh No.9, Surabaya Timur, Surabaya',73.00,65.00,1,1,3,1724516.00,1972020.00,'SHM','Perumahan','Cukup','Tinggi','3500 VA','Baik','Bangunan Surabaya Timur 9 berlokasi strategis di Surabaya Timur. Cocok untuk investasi atau tempat tinggal. Akses mudah ke fasilitas umum.',NULL,'rented','2025-07-27 22:03:07','2025-08-01 00:16:54'),(74,'Bangunan Surabaya Pusat 11','bangunan','Surabaya Pusat','Jl. Contoh No.11, Surabaya Pusat, Surabaya',146.00,107.00,3,1,2,1455867.00,1738233.00,'SHM','Komersial','Baik','Sedang','2200 VA','Baik','Bangunan Surabaya Pusat 11 berlokasi strategis di Surabaya Pusat. Cocok untuk investasi atau tempat tinggal. Akses mudah ke fasilitas umum.',NULL,'rented','2025-07-27 22:03:07','2025-08-02 07:04:37'),(79,'Bangunan Surabaya Barat 16','bangunan','Surabaya Barat','Jl. Contoh No.16, Surabaya Barat, Surabaya',125.00,92.00,1,1,2,1928958.00,2504977.00,'SHM','Perumahan','Baik','Sedang','2200 VA','Baik','Bangunan Surabaya Barat 16 berlokasi strategis di Surabaya Barat. Cocok untuk investasi atau tempat tinggal. Akses mudah ke fasilitas umum.',NULL,'available','2025-07-27 22:03:07','2025-07-27 22:03:07'),(80,'Tanah Surabaya Utara 17','tanah','Surabaya Utara','Jl. Contoh No.17, Surabaya Utara, Surabaya',173.00,0.00,0,0,0,1637260.00,2455005.00,'SHM','Perumahan','Baik','Tinggi','3500 VA','Cukup','Tanah Surabaya Utara 17 berlokasi strategis di Surabaya Utara. Cocok untuk investasi atau tempat tinggal. Akses mudah ke fasilitas umum.',NULL,'available','2025-07-27 22:03:07','2025-07-27 22:03:07'),(81,'Bangunan Surabaya Timur 18','bangunan','Surabaya Timur','Jl. Contoh No.18, Surabaya Timur, Surabaya',121.00,116.00,1,2,1,1167439.00,1817160.00,'SHM','Komersial','Cukup','Tinggi','2200 VA','Cukup','Bangunan Surabaya Timur 18 berlokasi strategis di Surabaya Timur. Cocok untuk investasi atau tempat tinggal. Akses mudah ke fasilitas umum.',NULL,'available','2025-07-27 22:03:07','2025-07-27 22:03:07'),(82,'Bangunan Surabaya Timur 19','bangunan','Surabaya Timur','Jl. Contoh No.19, Surabaya Timur, Surabaya',69.00,147.00,2,2,1,1876318.00,2760395.00,'HGB','Perumahan','Baik','Sedang','1300 VA','Baik','Bangunan Surabaya Timur 19 berlokasi strategis di Surabaya Timur. Cocok untuk investasi atau tempat tinggal. Akses mudah ke fasilitas umum.',NULL,'available','2025-07-27 22:03:07','2025-07-27 22:03:07'),(83,'Bangunan Surabaya Timur 20','bangunan','Surabaya Timur','Jl. Contoh No.20, Surabaya Timur, Surabaya',110.00,148.00,2,2,3,1092427.00,1415344.00,'HGB','Perumahan','Cukup','Tinggi','3500 VA','Baik','Bangunan Surabaya Timur 20 berlokasi strategis di Surabaya Timur. Cocok untuk investasi atau tempat tinggal. Akses mudah ke fasilitas umum.',NULL,'available','2025-07-27 22:03:07','2025-07-27 22:03:07'),(84,'Bangunan Surabaya Pusat 21','bangunan','Surabaya Pusat','Jl. Contoh No.21, Surabaya Pusat, Surabaya',190.00,141.00,1,1,2,822773.00,1140194.00,'SHM','Komersial','Cukup','Sedang','1300 VA','Baik','Bangunan Surabaya Pusat 21 berlokasi strategis di Surabaya Pusat. Cocok untuk investasi atau tempat tinggal. Akses mudah ke fasilitas umum.',NULL,'available','2025-07-27 22:03:07','2025-07-27 22:03:07'),(85,'Tanah Surabaya Selatan 22','tanah','Surabaya Selatan','Jl. Contoh No.22, Surabaya Selatan, Surabaya',201.00,0.00,0,0,0,722807.00,1296098.00,'SHM','Komersial','Cukup','Sedang','2200 VA','Baik','Tanah Surabaya Selatan 22 berlokasi strategis di Surabaya Selatan. Cocok untuk investasi atau tempat tinggal. Akses mudah ke fasilitas umum.',NULL,'available','2025-07-27 22:03:07','2025-07-27 22:03:07'),(86,'Bangunan Surabaya Utara 23','bangunan','Surabaya Utara','Jl. Contoh No.23, Surabaya Utara, Surabaya',171.00,137.00,1,2,3,1098167.00,2044439.00,'SHM','Perumahan','Baik','Sedang','1300 VA','Cukup','Bangunan Surabaya Utara 23 berlokasi strategis di Surabaya Utara. Cocok untuk investasi atau tempat tinggal. Akses mudah ke fasilitas umum.',NULL,'available','2025-07-27 22:03:07','2025-07-27 22:03:07'),(87,'Tanah Surabaya Barat 24','tanah','Surabaya Barat','Jl. Contoh No.24, Surabaya Barat, Surabaya',442.00,0.00,0,0,0,1551279.00,1984051.00,'SHM','Komersial','Baik','Sedang','2200 VA','Baik','Tanah Surabaya Barat 24 berlokasi strategis di Surabaya Barat. Cocok untuk investasi atau tempat tinggal. Akses mudah ke fasilitas umum.',NULL,'available','2025-07-27 22:03:07','2025-07-27 22:03:07'),(88,'Bangunan Surabaya Pusat 25','bangunan','Surabaya Pusat','Jl. Contoh No.25, Surabaya Pusat, Surabaya',159.00,46.00,3,1,1,1433611.00,1890132.00,'SHM','Komersial','Cukup','Sedang','900 VA','Cukup','Bangunan Surabaya Pusat 25 berlokasi strategis di Surabaya Pusat. Cocok untuk investasi atau tempat tinggal. Akses mudah ke fasilitas umum.',NULL,'available','2025-07-27 22:03:07','2025-07-27 22:03:07'),(89,'Bangunan Surabaya Pusat 26','bangunan','Surabaya Pusat','Jl. Contoh No.26, Surabaya Pusat, Surabaya',196.00,118.00,1,2,1,1888342.00,2146902.00,'SHM','Komersial','Baik','Sedang','2200 VA','Cukup','Bangunan Surabaya Pusat 26 berlokasi strategis di Surabaya Pusat. Cocok untuk investasi atau tempat tinggal. Akses mudah ke fasilitas umum.',NULL,'available','2025-07-27 22:03:07','2025-07-27 22:03:07'),(90,'Bangunan Surabaya Utara 27','bangunan','Surabaya Utara','Jl. Contoh No.27, Surabaya Utara, Surabaya',157.00,122.00,1,2,2,1546890.00,1757395.00,'HGB','Komersial','Cukup','Tinggi','3500 VA','Cukup','Bangunan Surabaya Utara 27 berlokasi strategis di Surabaya Utara. Cocok untuk investasi atau tempat tinggal. Akses mudah ke fasilitas umum.',NULL,'available','2025-07-27 22:03:07','2025-07-27 22:03:07'),(91,'Bangunan Surabaya Pusat 28','bangunan','Surabaya Pusat','Jl. Contoh No.28, Surabaya Pusat, Surabaya',193.00,68.00,2,2,2,1821852.00,2790300.00,'HGB','Perumahan','Baik','Tinggi','900 VA','Cukup','Bangunan Surabaya Pusat 28 berlokasi strategis di Surabaya Pusat. Cocok untuk investasi atau tempat tinggal. Akses mudah ke fasilitas umum.',NULL,'available','2025-07-27 22:03:07','2025-07-27 22:03:07'),(92,'Tanah Surabaya Barat 29','tanah','Surabaya Barat','Jl. Contoh No.29, Surabaya Barat, Surabaya',368.00,0.00,0,0,0,879739.00,1446650.00,'HGB','Komersial','Cukup','Sedang','900 VA','Cukup','Tanah Surabaya Barat 29 berlokasi strategis di Surabaya Barat. Cocok untuk investasi atau tempat tinggal. Akses mudah ke fasilitas umum.',NULL,'available','2025-07-27 22:03:07','2025-07-27 22:03:07'),(93,'Tanah Surabaya Selatan 30','tanah','Surabaya Selatan','Jl. Contoh No.30, Surabaya Selatan, Surabaya',457.00,0.00,0,0,0,1666435.00,2550435.00,'SHM','Perumahan','Cukup','Sedang','2200 VA','Cukup','Tanah Surabaya Selatan 30 berlokasi strategis di Surabaya Selatan. Cocok untuk investasi atau tempat tinggal. Akses mudah ke fasilitas umum.',NULL,'available','2025-07-27 22:03:07','2025-07-27 22:03:07'),(94,'Tanah Surabaya Selatan 31','tanah','Surabaya Selatan','Jl. Contoh No.31, Surabaya Selatan, Surabaya',469.00,0.00,0,0,0,1911719.00,2562512.00,'HGB','Perumahan','Cukup','Sedang','900 VA','Cukup','Tanah Surabaya Selatan 31 berlokasi strategis di Surabaya Selatan. Cocok untuk investasi atau tempat tinggal. Akses mudah ke fasilitas umum.',NULL,'available','2025-07-27 22:03:07','2025-07-27 22:03:07'),(95,'Tanah Surabaya Timur 32','tanah','Surabaya Timur','Jl. Contoh No.32, Surabaya Timur, Surabaya',318.00,0.00,0,0,0,1228078.00,1691476.00,'SHM','Komersial','Cukup','Tinggi','1300 VA','Baik','Tanah Surabaya Timur 32 berlokasi strategis di Surabaya Timur. Cocok untuk investasi atau tempat tinggal. Akses mudah ke fasilitas umum.',NULL,'available','2025-07-27 22:03:07','2025-07-27 22:03:07'),(96,'Tanah Surabaya Utara 33','tanah','Surabaya Utara','Jl. Contoh No.33, Surabaya Utara, Surabaya',280.00,0.00,0,0,0,621047.00,1179926.00,'HGB','Perumahan','Baik','Sedang','2200 VA','Baik','Tanah Surabaya Utara 33 berlokasi strategis di Surabaya Utara. Cocok untuk investasi atau tempat tinggal. Akses mudah ke fasilitas umum.',NULL,'available','2025-07-27 22:03:07','2025-07-27 22:03:07'),(97,'Tanah Surabaya Utara 34','tanah','Surabaya Utara','Jl. Contoh No.34, Surabaya Utara, Surabaya',364.00,0.00,0,0,0,1206467.00,1441650.00,'HGB','Komersial','Cukup','Sedang','2200 VA','Cukup','Tanah Surabaya Utara 34 berlokasi strategis di Surabaya Utara. Cocok untuk investasi atau tempat tinggal. Akses mudah ke fasilitas umum.',NULL,'available','2025-07-27 22:03:07','2025-07-27 22:03:07'),(98,'Tanah Surabaya Selatan 35','tanah','Surabaya Selatan','Jl. Contoh No.35, Surabaya Selatan, Surabaya',284.00,0.00,0,0,0,1554554.00,2272656.00,'SHM','Perumahan','Cukup','Tinggi','900 VA','Baik','Tanah Surabaya Selatan 35 berlokasi strategis di Surabaya Selatan. Cocok untuk investasi atau tempat tinggal. Akses mudah ke fasilitas umum.',NULL,'available','2025-07-27 22:03:07','2025-07-27 22:03:07'),(99,'Bangunan Surabaya Selatan 36','bangunan','Surabaya Selatan','Jl. Contoh No.36, Surabaya Selatan, Surabaya',168.00,83.00,1,1,1,1475028.00,1877444.00,'SHM','Perumahan','Baik','Sedang','1300 VA','Baik','Bangunan Surabaya Selatan 36 berlokasi strategis di Surabaya Selatan. Cocok untuk investasi atau tempat tinggal. Akses mudah ke fasilitas umum.',NULL,'available','2025-07-27 22:03:07','2025-07-27 22:03:07'),(100,'Bangunan Surabaya Pusat 37','bangunan','Surabaya Pusat','Jl. Contoh No.37, Surabaya Pusat, Surabaya',84.00,121.00,2,1,1,531820.00,1150900.00,'HGB','Komersial','Cukup','Sedang','1300 VA','Baik','Bangunan Surabaya Pusat 37 berlokasi strategis di Surabaya Pusat. Cocok untuk investasi atau tempat tinggal. Akses mudah ke fasilitas umum.',NULL,'available','2025-07-27 22:03:07','2025-07-27 22:03:07'),(101,'Bangunan Surabaya Pusat 38','bangunan','Surabaya Pusat','Jl. Contoh No.38, Surabaya Pusat, Surabaya',144.00,68.00,2,1,1,633052.00,1600860.00,'HGB','Perumahan','Cukup','Tinggi','1300 VA','Cukup','Bangunan Surabaya Pusat 38 berlokasi strategis di Surabaya Pusat. Cocok untuk investasi atau tempat tinggal. Akses mudah ke fasilitas umum.',NULL,'available','2025-07-27 22:03:07','2025-07-27 22:03:07'),(102,'Bangunan Surabaya Selatan 39','bangunan','Surabaya Selatan','Jl. Contoh No.39, Surabaya Selatan, Surabaya',170.00,119.00,1,2,2,555855.00,792965.00,'SHM','Komersial','Cukup','Tinggi','3500 VA','Baik','Bangunan Surabaya Selatan 39 berlokasi strategis di Surabaya Selatan. Cocok untuk investasi atau tempat tinggal. Akses mudah ke fasilitas umum.',NULL,'available','2025-07-27 22:03:07','2025-07-27 22:03:07'),(103,'Tanah Surabaya Barat 40','tanah','Surabaya Barat','Jl. Contoh No.40, Surabaya Barat, Surabaya',170.00,0.00,0,0,0,930935.00,1326369.00,'SHM','Komersial','Baik','Sedang','1300 VA','Baik','Tanah Surabaya Barat 40 berlokasi strategis di Surabaya Barat. Cocok untuk investasi atau tempat tinggal. Akses mudah ke fasilitas umum.',NULL,'available','2025-07-27 22:03:07','2025-07-27 22:03:07'),(104,'Bangunan Surabaya Timur 41','bangunan','Surabaya Timur','Jl. Contoh No.41, Surabaya Timur, Surabaya',194.00,149.00,2,2,2,1675807.00,2574538.00,'HGB','Komersial','Cukup','Sedang','900 VA','Cukup','Bangunan Surabaya Timur 41 berlokasi strategis di Surabaya Timur. Cocok untuk investasi atau tempat tinggal. Akses mudah ke fasilitas umum.',NULL,'available','2025-07-27 22:03:07','2025-07-27 22:03:07'),(105,'Bangunan Surabaya Timur 42','bangunan','Surabaya Timur','Jl. Contoh No.42, Surabaya Timur, Surabaya',197.00,124.00,1,2,2,927424.00,1855791.00,'SHM','Komersial','Baik','Tinggi','2200 VA','Cukup','Bangunan Surabaya Timur 42 berlokasi strategis di Surabaya Timur. Cocok untuk investasi atau tempat tinggal. Akses mudah ke fasilitas umum.',NULL,'available','2025-07-27 22:03:07','2025-07-27 22:03:07'),(106,'Tanah Surabaya Barat 43','tanah','Surabaya Barat','Jl. Contoh No.43, Surabaya Barat, Surabaya',296.00,0.00,0,0,0,1018179.00,1946508.00,'HGB','Komersial','Cukup','Tinggi','1300 VA','Cukup','Tanah Surabaya Barat 43 berlokasi strategis di Surabaya Barat. Cocok untuk investasi atau tempat tinggal. Akses mudah ke fasilitas umum.',NULL,'available','2025-07-27 22:03:07','2025-07-27 22:03:07'),(107,'Bangunan Surabaya Timur 44','bangunan','Surabaya Timur','Jl. Contoh No.44, Surabaya Timur, Surabaya',96.00,80.00,2,2,1,1728571.00,2301393.00,'HGB','Perumahan','Cukup','Tinggi','1300 VA','Baik','Bangunan Surabaya Timur 44 berlokasi strategis di Surabaya Timur. Cocok untuk investasi atau tempat tinggal. Akses mudah ke fasilitas umum.',NULL,'available','2025-07-27 22:03:07','2025-07-27 22:03:07'),(108,'Bangunan Surabaya Pusat 45','bangunan','Surabaya Pusat','Jl. Contoh No.45, Surabaya Pusat, Surabaya',94.00,131.00,3,1,2,943509.00,1874773.00,'SHM','Komersial','Baik','Sedang','2200 VA','Cukup','Bangunan Surabaya Pusat 45 berlokasi strategis di Surabaya Pusat. Cocok untuk investasi atau tempat tinggal. Akses mudah ke fasilitas umum.',NULL,'available','2025-07-27 22:03:07','2025-07-27 22:03:07'),(109,'Bangunan Surabaya Timur 46','bangunan','Surabaya Timur','Jl. Contoh No.46, Surabaya Timur, Surabaya',180.00,127.00,1,2,1,1289239.00,1847871.00,'HGB','Perumahan','Cukup','Sedang','900 VA','Cukup','Bangunan Surabaya Timur 46 berlokasi strategis di Surabaya Timur. Cocok untuk investasi atau tempat tinggal. Akses mudah ke fasilitas umum.',NULL,'available','2025-07-27 22:03:07','2025-07-27 22:03:07'),(110,'Bangunan Surabaya Pusat 47','bangunan','Surabaya Pusat','Jl. Contoh No.47, Surabaya Pusat, Surabaya',132.00,95.00,3,2,3,1752600.00,2285219.00,'HGB','Perumahan','Baik','Sedang','3500 VA','Cukup','Bangunan Surabaya Pusat 47 berlokasi strategis di Surabaya Pusat. Cocok untuk investasi atau tempat tinggal. Akses mudah ke fasilitas umum.',NULL,'available','2025-07-27 22:03:07','2025-07-27 22:03:07'),(111,'Tanah Surabaya Selatan 48','tanah','Surabaya Selatan','Jl. Contoh No.48, Surabaya Selatan, Surabaya',365.00,0.00,0,0,0,1260608.00,2093447.00,'SHM','Perumahan','Baik','Sedang','1300 VA','Baik','Tanah Surabaya Selatan 48 berlokasi strategis di Surabaya Selatan. Cocok untuk investasi atau tempat tinggal. Akses mudah ke fasilitas umum.',NULL,'available','2025-07-27 22:03:07','2025-07-27 22:03:07'),(112,'Bangunan Surabaya Selatan 49','bangunan','Surabaya Selatan','Jl. Contoh No.49, Surabaya Selatan, Surabaya',110.00,53.00,2,2,1,976576.00,1592373.00,'SHM','Komersial','Cukup','Sedang','900 VA','Baik','Bangunan Surabaya Selatan 49 berlokasi strategis di Surabaya Selatan. Cocok untuk investasi atau tempat tinggal. Akses mudah ke fasilitas umum.',NULL,'available','2025-07-27 22:03:07','2025-07-27 22:03:07'),(113,'Bangunan Surabaya Timur 50','bangunan','Surabaya Timur','Jl. Contoh No.50, Surabaya Timur, Surabaya',68.00,86.00,2,2,2,1781023.00,2261273.00,'HGB','Komersial','Cukup','Tinggi','900 VA','Cukup','Bangunan Surabaya Timur 50 berlokasi strategis di Surabaya Timur. Cocok untuk investasi atau tempat tinggal. Akses mudah ke fasilitas umum.',NULL,'available','2025-07-27 22:03:07','2025-07-27 22:03:07'),(114,'Tanah Surabaya Utara 51','tanah','Surabaya Utara','Jl. Contoh No.51, Surabaya Utara, Surabaya',205.00,0.00,0,0,0,1182210.00,2146202.00,'HGB','Komersial','Cukup','Sedang','2200 VA','Cukup','Tanah Surabaya Utara 51 berlokasi strategis di Surabaya Utara. Cocok untuk investasi atau tempat tinggal. Akses mudah ke fasilitas umum.',NULL,'available','2025-07-27 22:03:07','2025-07-27 22:03:07'),(115,'Tanah Surabaya Selatan 52','tanah','Surabaya Selatan','Jl. Contoh No.52, Surabaya Selatan, Surabaya',210.00,0.00,0,0,0,675256.00,1306193.00,'SHM','Komersial','Baik','Sedang','900 VA','Baik','Tanah Surabaya Selatan 52 berlokasi strategis di Surabaya Selatan. Cocok untuk investasi atau tempat tinggal. Akses mudah ke fasilitas umum.',NULL,'available','2025-07-27 22:03:07','2025-07-27 22:03:07'),(116,'Bangunan Surabaya Barat 53','bangunan','Surabaya Barat','Jl. Contoh No.53, Surabaya Barat, Surabaya',183.00,116.00,1,2,2,1449028.00,2095887.00,'HGB','Perumahan','Cukup','Sedang','3500 VA','Cukup','Bangunan Surabaya Barat 53 berlokasi strategis di Surabaya Barat. Cocok untuk investasi atau tempat tinggal. Akses mudah ke fasilitas umum.',NULL,'available','2025-07-27 22:03:07','2025-07-27 22:03:07'),(117,'Tanah Surabaya Barat 54','tanah','Surabaya Barat','Jl. Contoh No.54, Surabaya Barat, Surabaya',292.00,0.00,0,0,0,624279.00,937111.00,'HGB','Komersial','Baik','Tinggi','2200 VA','Cukup','Tanah Surabaya Barat 54 berlokasi strategis di Surabaya Barat. Cocok untuk investasi atau tempat tinggal. Akses mudah ke fasilitas umum.',NULL,'available','2025-07-27 22:03:07','2025-07-27 22:03:07'),(118,'Tanah Surabaya Pusat 55','tanah','Surabaya Pusat','Jl. Contoh No.55, Surabaya Pusat, Surabaya',180.00,0.00,0,0,0,1128722.00,1413167.00,'HGB','Komersial','Cukup','Sedang','2200 VA','Baik','Tanah Surabaya Pusat 55 berlokasi strategis di Surabaya Pusat. Cocok untuk investasi atau tempat tinggal. Akses mudah ke fasilitas umum.',NULL,'available','2025-07-27 22:03:07','2025-07-27 22:03:07'),(119,'Bangunan Surabaya Utara 56','bangunan','Surabaya Utara','Jl. Contoh No.56, Surabaya Utara, Surabaya',123.00,130.00,2,1,2,1988054.00,2641963.00,'SHM','Komersial','Baik','Tinggi','1300 VA','Cukup','Bangunan Surabaya Utara 56 berlokasi strategis di Surabaya Utara. Cocok untuk investasi atau tempat tinggal. Akses mudah ke fasilitas umum.',NULL,'available','2025-07-27 22:03:07','2025-07-27 22:03:07'),(120,'Bangunan Surabaya Selatan 57','bangunan','Surabaya Selatan','Jl. Contoh No.57, Surabaya Selatan, Surabaya',100.00,121.00,1,2,3,1798031.00,2354037.00,'SHM','Komersial','Cukup','Tinggi','1300 VA','Baik','Bangunan Surabaya Selatan 57 berlokasi strategis di Surabaya Selatan. Cocok untuk investasi atau tempat tinggal. Akses mudah ke fasilitas umum.',NULL,'available','2025-07-27 22:03:07','2025-07-27 22:03:07'),(121,'Bangunan Surabaya Barat 58','bangunan','Surabaya Barat','Jl. Contoh No.58, Surabaya Barat, Surabaya',68.00,115.00,2,2,2,1967495.00,2702958.00,'SHM','Perumahan','Cukup','Sedang','2200 VA','Baik','Bangunan Surabaya Barat 58 berlokasi strategis di Surabaya Barat. Cocok untuk investasi atau tempat tinggal. Akses mudah ke fasilitas umum.',NULL,'available','2025-07-27 22:03:07','2025-07-27 22:03:07'),(122,'Tanah Surabaya Utara 59','tanah','Surabaya Utara','Jl. Contoh No.59, Surabaya Utara, Surabaya',350.00,0.00,0,0,0,1090402.00,2084215.00,'SHM','Perumahan','Baik','Tinggi','3500 VA','Cukup','Tanah Surabaya Utara 59 berlokasi strategis di Surabaya Utara. Cocok untuk investasi atau tempat tinggal. Akses mudah ke fasilitas umum.',NULL,'available','2025-07-27 22:03:07','2025-07-27 22:03:07'),(123,'Tanah Surabaya Barat 60','tanah','Surabaya Barat','Jl. Contoh No.60, Surabaya Barat, Surabaya',475.00,0.00,0,0,0,1497508.00,2130920.00,'HGB','Perumahan','Cukup','Sedang','1300 VA','Baik','Tanah Surabaya Barat 60 berlokasi strategis di Surabaya Barat. Cocok untuk investasi atau tempat tinggal. Akses mudah ke fasilitas umum.',NULL,'available','2025-07-27 22:03:07','2025-07-27 22:03:07'),(124,'Kantor Cabang Genteng','bangunan','Genteng','Kantor Cabang Jl. Ketabang Kali No. 12, Ketabang, Genteng, Surabaya',636.00,295.00,7,1,3,4636914.00,63540074.00,'Lainnya','Perumahan','Cukup','Sedang','4400 watt','Baik','Aset bangunan yang strategis di Genteng dengan fasilitas lengkap dan akses mudah.',NULL,'rented','2025-07-30 04:46:36','2025-08-04 01:48:48'),(125,'Gudang Penyimpanan Gubeng','tanah','Gubeng','Gudang Penyimpanan Jl. Gubeng Raya No. 133, Gubeng, Gubeng, Surabaya',1592.00,NULL,NULL,NULL,NULL,4094246.00,37674511.00,'SHM','Industri','Baik','Tinggi',NULL,'Sangat Baik','Aset tanah yang strategis di Gubeng dengan fasilitas lengkap dan akses mudah.',NULL,'available','2025-07-30 04:46:36','2025-07-30 04:46:36'),(129,'Gedung Serbaguna Rungkut','tanah','Rungkut','Gedung Serbaguna Jl. Rungkut Industri No. 132, Rungkut Kidul, Rungkut, Surabaya',324.00,NULL,NULL,NULL,NULL,3941593.00,28554047.00,'Lainnya','Industri','Sangat Baik','Tinggi',NULL,'Butuh Renovasi','Aset tanah yang strategis di Rungkut dengan fasilitas lengkap dan akses mudah.',NULL,'available','2025-07-30 04:46:36','2025-07-30 05:15:29'),(135,'Outlet Retail Asemrowo','bangunan','Asemrowo','Outlet Retail Jl. Asemrowo No. 89, Asemrowo, Asemrowo, Surabaya',985.00,366.00,5,1,3,4156187.00,58334667.00,'HGB','Industri','Baik','Sedang','6600 watt','Butuh Renovasi','Aset bangunan yang strategis di Asemrowo dengan fasilitas lengkap dan akses mudah.',NULL,'available','2025-07-30 04:46:36','2025-07-30 04:46:36'),(141,'Fasilitas R&D Jambangan','tanah','Jambangan','Fasilitas R&D Jl. Jambangan Raya No. 157, Jambangan, Jambangan, Surabaya',1922.00,NULL,NULL,NULL,NULL,4652288.00,44398656.00,'SHM','Industri','Baik','Rendah',NULL,'Sangat Baik','Aset tanah yang strategis di Jambangan dengan fasilitas lengkap dan akses mudah.',NULL,'available','2025-07-30 04:46:36','2025-07-30 04:46:36'),(144,'Kantor Cabang Genteng','tanah','Genteng','Kantor Cabang Jl. Ketabang Kali No. 62, Ketabang, Genteng, Surabaya',1446.00,NULL,NULL,NULL,NULL,3417977.00,20571065.00,'SHM','Industri','Kurang','Sedang',NULL,'Cukup','Aset tanah yang strategis di Genteng dengan fasilitas lengkap dan akses mudah.',NULL,'available','2025-07-30 04:48:15','2025-07-30 05:21:48'),(145,'Gudang Penyimpanan Gubeng','tanah','Gubeng','Gudang Penyimpanan Jl. Gubeng Raya No. 74, Gubeng, Gubeng, Surabaya',1626.00,NULL,NULL,NULL,NULL,1037540.00,20818761.00,'HGB','Komersial','Kurang','Sedang',NULL,'Sangat Baik','Aset tanah yang strategis di Gubeng dengan fasilitas lengkap dan akses mudah.',NULL,'rented','2025-07-30 04:48:15','2025-08-03 09:49:42'),(146,'Ruko Commercial Wonokromo','tanah','Wonokromo','Ruko Commercial Jl. Wonokromo No. 113, Wonokromo, Wonokromo, Surabaya',330.00,NULL,NULL,NULL,NULL,2731438.00,14913436.00,'SHM','Komersial','Cukup','Sedang',NULL,'Baik','Aset tanah yang strategis di Wonokromo dengan fasilitas lengkap dan akses mudah.',NULL,'rented','2025-07-30 04:48:15','2025-08-04 18:24:29'),(147,'Gedung Perkantoran Sukolilo','bangunan','Sukolilo','Gedung Perkantoran Jl. Raya ITS No. 187, Keputih, Sukolilo, Surabaya',819.00,609.00,7,4,1,1733344.00,69918304.00,'Lainnya','Perumahan','Baik','Sedang','1300 watt','Butuh Renovasi','Aset bangunan yang strategis di Sukolilo dengan fasilitas lengkap dan akses mudah.',NULL,'rented','2025-07-30 04:48:15','2025-08-05 00:43:24'),(148,'Lahan Parkir Mulyorejo','tanah','Mulyorejo','Lahan Parkir Jl. Mulyorejo No. 164, Mulyorejo, Mulyorejo, Surabaya',601.00,NULL,NULL,NULL,NULL,2395124.00,6467520.00,'HGB','Komersial','Baik','Rendah',NULL,'Cukup','Aset tanah yang strategis di Mulyorejo dengan fasilitas lengkap dan akses mudah.',NULL,'available','2025-07-30 04:48:15','2025-07-30 05:21:48'),(149,'Gedung Serbaguna Rungkut','bangunan','Rungkut','Gedung Serbaguna Jl. Rungkut Industri No. 135, Rungkut Kidul, Rungkut, Surabaya',613.00,173.00,7,4,1,1822768.00,56687034.00,'Lainnya','Industri','Baik','Tinggi','4400 watt','Butuh Renovasi','Aset bangunan yang strategis di Rungkut dengan fasilitas lengkap dan akses mudah.',NULL,'rented','2025-07-30 04:48:15','2025-07-29 22:27:15'),(150,'Showroom Tenggilis Mejoyo','bangunan','Tenggilis Mejoyo','Showroom Jl. Tenggilis Utara No. 86, Tenggilis, Tenggilis Mejoyo, Surabaya',964.00,676.00,6,2,1,3528213.00,79033530.00,'HGB','Industri','Cukup','Tinggi','6600 watt','Baik','Aset bangunan yang strategis di Tenggilis Mejoyo dengan fasilitas lengkap dan akses mudah.',NULL,'available','2025-07-30 04:48:15','2025-07-30 05:21:48'),(151,'Workshop Wiyung','tanah','Wiyung','',1291.00,NULL,NULL,NULL,1,3998256.00,42913685.00,'SHM','Komersial','Cukup','Sedang','','Cukup','Aset tanah yang strategis di Wiyung dengan fasilitas lengkap dan akses mudah.',NULL,'rented','2025-07-30 04:48:15','2025-08-05 00:36:26'),(152,'Pusat Distribusi Lakarsantri','bangunan','Lakarsantri','Pusat Distribusi Jl. Lakarsantri Raya No. 26, Lakarsantri, Lakarsantri, Surabaya',541.00,199.00,3,3,3,1662906.00,20168766.00,'Lainnya','Industri','Sangat Baik','Rendah','4400 watt','Butuh Renovasi','Aset bangunan yang strategis di Lakarsantri dengan fasilitas lengkap dan akses mudah.',NULL,'available','2025-07-30 04:48:15','2025-07-30 05:15:29'),(153,'Kantor Regional Benowo','bangunan','Benowo','Kantor Regional Jl. Sememi Raya No. 115, Sememi, Benowo, Surabaya',971.00,361.00,5,3,3,4135877.00,83904444.00,'HGB','Komersial','Cukup','Rendah','4400 watt','Butuh Renovasi','Aset bangunan yang strategis di Benowo dengan fasilitas lengkap dan akses mudah.',NULL,'rented','2025-07-30 04:48:15','2025-08-05 00:33:37'),(154,'Fasilitas Produksi Pakal','tanah','Pakal','Fasilitas Produksi Jl. Pakal Raya No. 177, Pakal, Pakal, Surabaya',1309.00,NULL,NULL,NULL,NULL,2071502.00,24747725.00,'Lainnya','Industri','Sangat Baik','Sedang',NULL,'Cukup','Aset tanah yang strategis di Pakal dengan fasilitas lengkap dan akses mudah.',NULL,'rented','2025-07-30 04:48:15','2025-08-05 00:35:24'),(156,'Kantor Layanan Sukomanunggal','tanah','Sukomanunggal','Kantor Layanan Jl. Sukomanunggal No. 46, Sukomanunggal, Sukomanunggal, Surabaya',455.00,NULL,NULL,NULL,NULL,2002411.00,21888721.00,'SHM','Industri','Kurang','Rendah',NULL,'Butuh Renovasi','Aset tanah yang strategis di Sukomanunggal dengan fasilitas lengkap dan akses mudah.',NULL,'available','2025-07-30 04:48:15','2025-07-30 05:21:48'),(157,'Gudang Logistik Tandes','bangunan','Tandes','Gudang Logistik Jl. Tandes Lor No. 150, Tandes, Tandes, Surabaya',457.00,81.00,8,4,1,3563466.00,31778600.00,'HGB','Industri','Baik','Tinggi','4400 watt','Baik','Aset bangunan yang strategis di Tandes dengan fasilitas lengkap dan akses mudah.',NULL,'available','2025-07-30 04:48:15','2025-07-30 04:48:15'),(158,'Gedung Training Sambikerep','tanah','Sambikerep','Gedung Training Jl. Sambikerep No. 199, Sambikerep, Sambikerep, Surabaya',1062.00,NULL,NULL,NULL,NULL,3577869.00,25082494.00,'Lainnya','Komersial','Cukup','Sedang',NULL,'Baik','Aset tanah yang strategis di Sambikerep dengan fasilitas lengkap dan akses mudah.',NULL,'rented','2025-07-30 04:48:15','2025-08-05 00:51:32'),(159,'Pusat Layanan Dukuh Pakis','bangunan','Dukuh Pakis','Pusat Layanan Jl. Dukuh Pakis No. 17, Dukuh Pakis, Dukuh Pakis, Surabaya',661.00,151.00,7,3,2,4627710.00,29472199.00,'SHM','Industri','Cukup','Tinggi','1300 watt','Sangat Baik','Aset bangunan yang strategis di Dukuh Pakis dengan fasilitas lengkap dan akses mudah.',NULL,'available','2025-07-30 04:48:15','2025-07-30 04:48:15'),(160,'Kantor Operasional Gayungan','bangunan','Gayungan','Kantor Operasional Jl. Gayungsari No. 103, Gayungan, Gayungan, Surabaya',308.00,134.00,3,4,2,4829120.00,17086321.00,'Lainnya','Perumahan','Baik','Tinggi','6600 watt','Sangat Baik','Aset bangunan yang strategis di Gayungan dengan fasilitas lengkap dan akses mudah.',NULL,'available','2025-07-30 04:48:15','2025-07-30 05:15:29'),(162,'Gedung Administrasi Karang Pilang','tanah','Karang Pilang','Gedung Administrasi Jl. Karang Pilang No. 133, Karang Pilang, Karang Pilang, Surabaya',1768.00,NULL,NULL,NULL,NULL,2542873.00,25099531.00,'HGB','Perumahan','Cukup','Rendah',NULL,'Cukup','Aset tanah yang strategis di Karang Pilang dengan fasilitas lengkap dan akses mudah.',NULL,'available','2025-07-30 04:48:15','2025-07-30 04:48:15'),(163,'Pusat Data Wonocolo','bangunan','Wonocolo','Pusat Data Jl. Wonocolo Raya No. 71, Wonocolo, Wonocolo, Surabaya',230.00,177.00,5,1,2,1111142.00,46539879.00,'Lainnya','Perumahan','Cukup','Rendah','6600 watt','Cukup','Aset bangunan yang strategis di Wonocolo dengan fasilitas lengkap dan akses mudah.',NULL,'available','2025-07-30 04:48:15','2025-07-30 05:21:48'),(166,'Test Asset Simple','tanah','Lakarsantri','JL Test',100.00,NULL,NULL,NULL,NULL,2500000.00,5000000.00,'SHM','Perumahan','Baik','Sedang',NULL,'Baik','Test asset',NULL,'available','2025-07-29 23:20:57','2025-07-29 23:20:57'),(167,'tanah brb','tanah','Gayungan','JL. Kampas Krampung',200.00,NULL,NULL,NULL,NULL,2500000.00,8000000.00,'SHM','Perumahan','Baik','Sedang','','Baik','a',NULL,'rented','2025-07-29 23:23:40','2025-07-29 23:25:49'),(168,'tanah dedi 4','tanah','Sukomanunggal','dedi manja',18.00,NULL,NULL,NULL,NULL,1999995.00,199999.00,'SHM','Perumahan','Baik','Sedang','','Baik','za',NULL,'rented','2025-07-30 00:43:57','2025-07-31 04:04:18'),(169,'tanah dedi 5','tanah','Sukomanunggal','',18.00,NULL,NULL,NULL,1,1999995.00,199999.00,'SHM','Perumahan','Baik','Sedang','','Baik','ya',NULL,'available','2025-07-30 19:08:50','2025-07-30 21:02:43'),(171,'midtrans','tanah','Sukomanunggal','',20.00,NULL,NULL,NULL,1,2000000.00,20000000.00,'SHM','Perumahan','Baik','Sedang','','Baik','ya',NULL,'available','2025-07-30 22:34:20','2025-08-01 23:57:15'),(174,'Citra Galaxy','tanah','Kenjeran','JL. Kampas Krampung',200.00,NULL,NULL,NULL,NULL,2500000.00,8000000.00,'SHM','Perumahan','Baik','Sedang','','Baik','perumahan',NULL,'rented','2025-08-03 19:10:55','2025-08-05 04:09:00'),(175,'Citra Sutra','tanah','Sukomanunggal','JL. Kampas Krampung',200.00,NULL,NULL,NULL,NULL,2500000.00,8000000.00,'SHM','Perumahan','Baik','Sedang','','Baik','test',NULL,'rented','2025-08-03 21:13:08','2025-08-04 04:15:10');
/*!40000 ALTER TABLE `rental_assets` ENABLE KEYS */;
UNLOCK TABLES;

--
-- Table structure for table `rental_requests`
--

DROP TABLE IF EXISTS `rental_requests`;
/*!40101 SET @saved_cs_client     = @@character_set_client */;
/*!50503 SET character_set_client = utf8mb4 */;
CREATE TABLE `rental_requests` (
  `id` int NOT NULL AUTO_INCREMENT,
  `asset_id` int NOT NULL,
  `user_id` int DEFAULT NULL,
  `nama_penyewa` varchar(100) COLLATE utf8mb4_unicode_ci NOT NULL,
  `email` varchar(100) COLLATE utf8mb4_unicode_ci NOT NULL,
  `telepon` varchar(20) COLLATE utf8mb4_unicode_ci NOT NULL,
  `durasi_sewa` int NOT NULL COMMENT 'dalam bulan',
  `tanggal_mulai` date NOT NULL,
  `tanggal_selesai` date DEFAULT NULL,
  `total_harga` decimal(15,2) DEFAULT NULL,
  `pesan` text COLLATE utf8mb4_unicode_ci,
  `status` enum('pending','approved','rejected','active','completed','cancelled') COLLATE utf8mb4_unicode_ci DEFAULT 'pending',
  `admin_notes` text COLLATE utf8mb4_unicode_ci,
  `created_at` timestamp NOT NULL DEFAULT CURRENT_TIMESTAMP,
  `updated_at` timestamp NOT NULL DEFAULT CURRENT_TIMESTAMP ON UPDATE CURRENT_TIMESTAMP,
  PRIMARY KEY (`id`),
  KEY `idx_asset_id` (`asset_id`),
  KEY `idx_user_id` (`user_id`),
  KEY `idx_status` (`status`),
  KEY `idx_rental_request_user_created` (`user_id`,`created_at` DESC),
  KEY `idx_rental_request_user_status` (`user_id`,`status`),
  KEY `idx_rental_request_user_status_created` (`user_id`,`status`,`created_at` DESC),
  KEY `idx_rental_request_status_created` (`status`,`created_at` DESC),
  KEY `idx_rental_request_updated_at` (`updated_at` DESC),
  KEY `idx_rental_request_user_compound` (`user_id`,`status`,`created_at` DESC),
  CONSTRAINT `rental_requests_ibfk_1` FOREIGN KEY (`asset_id`) REFERENCES `rental_assets` (`id`) ON DELETE CASCADE,
  CONSTRAINT `rental_requests_ibfk_2` FOREIGN KEY (`user_id`) REFERENCES `users` (`id`) ON DELETE SET NULL
) ENGINE=InnoDB AUTO_INCREMENT=66 DEFAULT CHARSET=utf8mb4 COLLATE=utf8mb4_unicode_ci;
/*!40101 SET character_set_client = @saved_cs_client */;

--
-- Dumping data for table `rental_requests`
--

LOCK TABLES `rental_requests` WRITE;
/*!40000 ALTER TABLE `rental_requests` DISABLE KEYS */;
INSERT INTO `rental_requests` VALUES (22,64,1,'John Doe','john.doe@email.com','081234567890',12,'2025-08-05','2026-07-31',25136052.00,'Saya tertarik untuk menyewa properti ini untuk tempat tinggal keluarga','active','Approved manually for testing','2025-07-28 21:27:25','2025-07-28 21:54:32'),(23,65,1,'Jane Smith','jane.smith@email.com','081234567891',6,'2025-08-05','2026-02-01',10779060.00,'Butuh tempat untuk bisnis kecil, lokasi strategis','active','Approved for testing - batch 1','2025-07-28 21:27:25','2025-07-28 22:10:08'),(24,66,1,'Ahmad Wijaya','ahmad.wijaya@email.com','081234567892',24,'2025-08-05','2027-07-26',19955208.00,'Rencana investasi jangka panjang, mohon pertimbangan','active','Approved for testing - batch 2','2025-07-28 21:27:25','2025-07-28 22:10:08'),(25,65,3,'arya','arya@gmail.com','',12,'2025-07-31','2025-07-30',21558120.00,NULL,'completed','Permintaan disetujui oleh admin','2025-07-28 21:45:01','2025-07-29 20:10:44'),(26,68,3,'arya','arya@gmail.com','',6,'2025-08-01','2025-07-30',9105660.00,NULL,'completed','Permintaan disetujui oleh admin','2025-07-29 00:03:13','2025-07-29 20:24:40'),(27,67,1,'Test Admin','test@admin.com','0812345678',12,'2025-07-29','2026-07-29',31334208.00,NULL,'approved',NULL,'2025-07-29 00:54:04','2025-07-29 00:54:04'),(28,150,14,'Indira Nugroho','indira.nugroho@email.com','0867967839',6,'2025-08-26','2026-02-22',474201180.00,'Saya tertarik untuk menyewa Showroom Tenggilis Mejoyo untuk keperluan bisnis selama 6 bulan. Mohon persetujuannya.','approved','Permintaan disetujui. Silakan lanjutkan proses pembayaran dan kontrak.','2025-07-30 04:48:15','2025-07-30 04:48:15'),(29,144,15,'Joko Rahayu','joko.rahayu@email.com','0811507351',6,'2025-08-15','2026-02-11',123426390.00,'Saya tertarik untuk menyewa Kantor Cabang Genteng untuk keperluan bisnis selama 6 bulan. Mohon persetujuannya.','approved','Permintaan disetujui. Silakan lanjutkan proses pembayaran dan kontrak.','2025-07-30 04:48:15','2025-07-30 04:48:15'),(30,148,12,'Gita Putra','gita.putra@email.com','0843248301',12,'2025-08-22','2026-08-17',77610240.00,'Saya tertarik untuk menyewa Lahan Parkir Mulyorejo untuk keperluan bisnis selama 12 bulan. Mohon persetujuannya.','approved','Permintaan disetujui. Silakan lanjutkan proses pembayaran dan kontrak.','2025-07-30 04:48:15','2025-07-30 04:48:15'),(31,163,20,'Omar Gunawan','omar.gunawan@email.com','0845709808',12,'2025-08-18','2026-08-13',558478548.00,'Saya tertarik untuk menyewa Pusat Data Wonocolo untuk keperluan bisnis selama 12 bulan. Mohon persetujuannya.','approved','Permintaan disetujui. Silakan lanjutkan proses pembayaran dan kontrak.','2025-07-30 04:48:15','2025-07-30 04:48:15'),(32,146,21,'Putri Safitri','putri.safitri@email.com','0811794109',12,'2025-08-22','2026-08-17',178961232.00,'Saya tertarik untuk menyewa Ruko Commercial Wonokromo untuk keperluan bisnis selama 12 bulan. Mohon persetujuannya.','approved','Permintaan disetujui. Silakan lanjutkan proses pembayaran dan kontrak.','2025-07-30 04:48:15','2025-07-30 04:48:15'),(33,156,9,'Dewi Maharani','dewi.maharani@email.com','0826390420',24,'2025-08-16','2027-08-06',525329304.00,'Saya tertarik untuk menyewa Kantor Layanan Sukomanunggal untuk keperluan bisnis selama 24 bulan. Mohon persetujuannya.','approved','Permintaan disetujui. Silakan lanjutkan proses pembayaran dan kontrak.','2025-07-30 04:48:15','2025-07-30 04:48:15'),(34,151,22,'Rini Wibowo','rini.wibowo@email.com','0837036755',12,'2025-08-28','2026-08-23',514964220.00,'Saya tertarik untuk menyewa Workshop Wiyung untuk keperluan bisnis selama 12 bulan. Mohon persetujuannya.','rejected','Permintaan ditolak karena aset sedang dalam proses renovasi.','2025-07-30 04:48:15','2025-07-30 04:48:15'),(35,154,23,'Sari Permata','sari.permata@email.com','0832727059',18,'2025-08-18','2027-02-09',445459050.00,'Saya tertarik untuk menyewa Fasilitas Produksi Pakal untuk keperluan bisnis selama 18 bulan. Mohon persetujuannya.','rejected','Permintaan ditolak karena aset sedang dalam proses renovasi.','2025-07-30 04:48:15','2025-07-30 04:48:15'),(36,149,17,'Lina Anggraini','lina.anggraini@email.com','0858027631',12,'2025-08-05','2026-07-31',680244408.00,'Saya tertarik untuk menyewa Gedung Serbaguna Rungkut untuk keperluan bisnis selama 12 bulan. Mohon persetujuannya.','active','Permintaan disetujui oleh admin','2025-07-30 04:48:15','2025-07-29 22:27:15'),(37,157,16,'Kartika Setiawan','kartika.setiawan@email.com','0837691780',12,'2025-07-31','2026-07-26',381343200.00,'Saya tertarik untuk menyewa Gudang Logistik Tandes untuk keperluan bisnis selama 12 bulan. Mohon persetujuannya.','rejected',NULL,'2025-07-30 04:48:15','2025-07-30 21:04:59'),(38,167,3,'arya','arya@gmail.com','',6,'2025-08-01','2026-01-28',48000000.00,NULL,'active','Permintaan disetujui oleh admin','2025-07-29 23:25:15','2025-07-29 23:25:49'),(39,168,26,'adolf hitler','zulfa@nazi.com','',3,'2025-08-09','2025-07-31',599997.00,NULL,'completed','Permintaan disetujui oleh admin','2025-07-30 01:33:25','2025-07-30 21:02:47'),(40,169,26,'adolf hitler','zulfa@nazi.com','',3,'2025-08-01','2025-07-31',599997.00,NULL,'completed','Permintaan disetujui oleh admin','2025-07-30 19:52:24','2025-07-30 21:02:43'),(41,65,26,'adolf hitler','zulfa@nazi.com','',1,'2025-08-01','2025-08-31',1796510.00,NULL,'rejected',NULL,'2025-07-30 20:14:39','2025-07-30 20:15:05'),(42,69,26,'adolf hitler','zulfa@nazi.com','',1,'2025-08-01','2025-08-31',795989.00,NULL,'rejected',NULL,'2025-07-30 21:29:55','2025-08-02 00:05:48'),(43,103,26,'adolf hitler','zulfa@nazi.com','',1,'2025-08-01','2025-08-31',1326369.00,NULL,'rejected',NULL,'2025-07-30 23:34:45','2025-08-02 00:05:46'),(44,70,3,'arya','arya@gmail.com','Unknown',12,'2025-08-10','2026-08-05',20117280.00,NULL,'active',NULL,'2025-08-01 06:00:42','2025-07-31 23:22:48'),(45,71,26,'Test User','test@example.com','081234567890',6,'2025-09-01','2026-02-28',15645840.00,NULL,'approved','Test approval','2025-08-01 00:12:43','2025-08-01 00:14:53'),(46,72,26,'Test User Comprehensive','comprehensive@test.com','08123456789',3,'2025-10-01','2025-12-30',5916060.00,NULL,'approved','Comprehensive test approval','2025-08-01 00:16:54','2025-08-01 00:16:54'),(47,74,3,'arya','arya@gmail.com','',12,'2025-09-01','2026-08-27',20858796.00,NULL,'approved','Permintaan disetujui oleh admin','2025-08-01 23:30:19','2025-08-02 06:52:22'),(48,69,3,'arya','arya@gmail.com','',24,'2025-09-01','2027-08-22',19103736.00,NULL,'approved','Permintaan disetujui oleh admin','2025-08-02 00:10:13','2025-08-02 07:20:10'),(49,69,1,'Admin','admin@telkom.co.id','08123456789',2,'2025-08-04','2025-08-06',4400.00,NULL,'approved',NULL,'2025-08-03 16:14:10','2025-08-03 16:14:09'),(50,69,1,'Admin','admin@telkom.co.id','08123456789',2,'2025-08-04','2025-08-06',4400.00,NULL,'approved',NULL,'2025-08-03 16:14:23','2025-08-03 16:14:23'),(51,69,4,'Administrator','admin@example.com','08123456789',3,'2025-08-10','2025-11-08',2387967.00,NULL,'rejected',NULL,'2025-08-03 09:22:02','2025-08-03 09:32:31'),(52,145,3,'arya','arya@gmail.com','08123456789',12,'2025-08-28','2026-08-23',249825132.00,NULL,'approved','Test approval','2025-08-03 09:31:58','2025-08-03 09:49:42'),(53,69,3,'Test User','test@example.com','08123456789',1,'2025-08-04','2025-09-03',1000000.00,NULL,'approved','Test approval','2025-08-03 16:51:28','2025-08-03 09:51:54'),(54,146,32,'tio','tio@gmail.com','08123456789',6,'2025-08-20','2026-02-16',89480616.00,NULL,'approved','Test approval','2025-08-03 21:17:58','2025-08-04 18:24:29'),(55,153,32,'tiotino','tio@gmail.com','151203',24,'2025-08-27','2027-08-17',2013706656.00,'tes','rejected',NULL,'2025-08-04 23:34:35','2025-08-05 00:16:26'),(56,153,32,'tiotino','tio@gmail.com','151203',24,'2025-08-27','2027-08-17',2013706656.00,'tes','active','Permintaan disetujui oleh admin','2025-08-04 23:34:56','2025-08-05 00:33:37'),(57,152,32,'tiotino','tio@gmail.com','151203',24,'2025-08-27','2027-08-17',484050384.00,'tes','rejected',NULL,'2025-08-04 23:35:30','2025-08-05 00:24:32'),(58,153,32,'tiotino','tio@gmail.com','151203',24,'2025-08-27','2027-08-17',2013706656.00,'1','rejected',NULL,'2025-08-04 23:35:47','2025-08-05 00:24:28'),(59,150,32,'tiotino','tio@gmail.com','151203',24,'2025-08-27','2027-08-17',1896804720.00,NULL,'rejected',NULL,'2025-08-04 23:44:16','2025-08-05 00:24:26'),(60,152,32,'tiotino','tio@gmail.com','151203',24,'2025-08-27','2027-08-17',484050384.00,'test','rejected',NULL,'2025-08-05 00:02:05','2025-08-05 00:16:36'),(61,151,32,'tiotino','tio@gmail.com','151203',12,'2025-08-27','2026-08-22',514964220.00,NULL,'rejected',NULL,'2025-08-05 00:15:36','2025-08-05 00:16:32'),(62,154,32,'tiotino','tio@gmail.com','151203',24,'2025-08-28','2027-08-18',593945400.00,'test','active','Permintaan disetujui oleh admin','2025-08-05 00:34:37','2025-08-05 00:35:24'),(63,151,32,'tiotino','tio@gmail.com','151203',24,'2025-08-29','2027-08-19',1029928440.00,'12','active','Permintaan disetujui oleh admin','2025-08-05 00:36:09','2025-08-05 00:36:26'),(64,147,32,'tiotino','tio@gmail.com','151203',12,'2025-09-01','2026-08-27',839019648.00,NULL,'active','Permintaan disetujui oleh admin','2025-08-05 00:43:06','2025-08-05 00:43:24'),(65,158,32,'tiotino','tio@gmail.com','151203',24,'2025-10-08','2027-09-28',601979856.00,NULL,'active','Permintaan disetujui oleh admin','2025-08-05 00:46:52','2025-08-05 00:51:32');
/*!40000 ALTER TABLE `rental_requests` ENABLE KEYS */;
UNLOCK TABLES;

--
-- Table structure for table `rental_transactions`
--

DROP TABLE IF EXISTS `rental_transactions`;
/*!40101 SET @saved_cs_client     = @@character_set_client */;
/*!50503 SET character_set_client = utf8mb4 */;
CREATE TABLE `rental_transactions` (
  `id` int NOT NULL AUTO_INCREMENT,
  `rental_request_id` int NOT NULL,
  `user_id` int NOT NULL,
  `asset_id` int NOT NULL,
  `start_date` date NOT NULL,
  `end_date` date NOT NULL,
  `current_end_date` date NOT NULL,
  `monthly_price` float NOT NULL,
  `total_months` int NOT NULL,
  `paid_amount` float DEFAULT NULL,
  `remaining_amount` float NOT NULL,
  `status` enum('pending','approved','rejected','active','completed','cancelled') COLLATE utf8mb4_unicode_ci DEFAULT 'pending',
  `payment_status` enum('unpaid','partial','paid','failed') COLLATE utf8mb4_unicode_ci DEFAULT 'unpaid',
  `extension_count` int DEFAULT NULL,
  `extension_history` text COLLATE utf8mb4_unicode_ci,
  `created_at` datetime DEFAULT NULL,
  `updated_at` datetime DEFAULT NULL,
  `payment_method` varchar(50) COLLATE utf8mb4_unicode_ci DEFAULT NULL,
  `midtrans_order_id` varchar(100) COLLATE utf8mb4_unicode_ci DEFAULT NULL,
  `midtrans_transaction_id` varchar(100) COLLATE utf8mb4_unicode_ci DEFAULT NULL,
  PRIMARY KEY (`id`),
  KEY `rental_request_id` (`rental_request_id`),
  KEY `asset_id` (`asset_id`),
  KEY `idx_midtrans_order` (`midtrans_order_id`),
  CONSTRAINT `rental_transactions_ibfk_1` FOREIGN KEY (`rental_request_id`) REFERENCES `rental_requests` (`id`),
  CONSTRAINT `rental_transactions_ibfk_2` FOREIGN KEY (`asset_id`) REFERENCES `rental_assets` (`id`)
) ENGINE=InnoDB AUTO_INCREMENT=29 DEFAULT CHARSET=utf8mb4 COLLATE=utf8mb4_unicode_ci;
/*!40101 SET character_set_client = @saved_cs_client */;

--
-- Dumping data for table `rental_transactions`
--

LOCK TABLES `rental_transactions` WRITE;
/*!40000 ALTER TABLE `rental_transactions` DISABLE KEYS */;
INSERT INTO `rental_transactions` VALUES (1,26,3,68,'2025-08-01','2026-01-28','2025-07-30',1517610,6,0,9105660,'completed','unpaid',0,NULL,'2025-07-29 08:06:30','2025-07-30 10:24:40',NULL,NULL,NULL),(2,25,3,65,'2025-07-31','2026-07-26','2025-07-30',21558100,12,0,21558100,'completed','unpaid',0,NULL,'2025-07-30 03:00:26','2025-07-30 10:10:44',NULL,NULL,NULL),(3,27,1,67,'2025-07-29','2026-07-29','2026-07-29',31334200,12,0,31334200,'active','unpaid',0,NULL,'2025-07-30 03:00:26','2025-07-30 03:00:26',NULL,NULL,NULL),(4,22,1,64,'2025-08-05','2026-07-31','2026-07-31',25136100,12,0,25136100,'active','unpaid',0,NULL,'2025-07-30 03:00:26','2025-07-30 03:00:26',NULL,NULL,NULL),(5,23,1,65,'2025-08-05','2026-02-01','2026-02-01',10779100,6,0,10779100,'active','unpaid',0,NULL,'2025-07-30 03:00:26','2025-07-30 03:00:26',NULL,NULL,NULL),(6,24,1,66,'2025-08-05','2027-07-26','2027-07-26',19955200,24,0,19955200,'active','unpaid',0,NULL,'2025-07-30 03:00:26','2025-07-30 03:00:26',NULL,NULL,NULL),(7,36,17,149,'2025-08-05','2026-07-31','2026-07-31',56687000,12,0,680244000,'active','unpaid',0,NULL,'2025-07-30 05:27:15','2025-07-30 05:27:15',NULL,NULL,NULL),(8,38,3,167,'2025-08-01','2026-01-28','2026-01-28',8000000,6,0,48000000,'active','unpaid',0,NULL,'2025-07-30 06:25:49','2025-07-30 06:25:49',NULL,NULL,NULL),(9,39,26,168,'2025-08-09','2025-11-07','2025-07-31',199999,3,0,599997,'completed','unpaid',0,NULL,'2025-07-30 08:33:47','2025-07-31 11:02:47',NULL,NULL,NULL),(10,40,26,169,'2025-08-01','2025-10-30','2025-07-31',199999,3,0,599997,'completed','unpaid',0,NULL,'2025-07-31 02:52:43','2025-07-31 11:02:43',NULL,NULL,NULL),(12,37,28,65,'2025-08-01','2026-07-27','2026-07-27',2500000,12,30000000,0,'active','paid',NULL,NULL,'2025-07-31 10:58:00','2025-07-31 10:58:00','qr_code','TEST-20250801-004',NULL),(13,37,26,68,'2025-08-01','2025-08-31','2025-08-31',1517610,1,1517610,0,'active','paid',NULL,NULL,'2025-07-31 11:00:48','2025-07-31 11:00:48','bank_transfer','TEST-20250731110029-5eccb0b4','fcf02ce2-b4af-47ea-a07a-eed1860bbbbb'),(14,37,29,65,'2025-08-01','2026-01-28','2026-01-28',250000,6,1500000,0,'active','paid',NULL,NULL,'2025-07-31 11:01:21','2025-07-31 11:01:21','qr_code','ORDER-QR-001','TXN-QR-001'),(15,37,26,168,'2025-08-02','2025-09-01','2025-09-01',199999,1,199999,0,'active','paid',NULL,NULL,'2025-07-31 11:04:18','2025-07-31 11:04:18','bank_transfer','TEST-20250731110401-b30aa153','7230531d-ac00-457d-a4e8-cbc2a096dbdb'),(16,42,26,171,'2025-08-01','2025-08-31','2025-07-31',20000000,1,20000000,0,'completed','paid',NULL,NULL,'2025-07-31 12:35:07','2025-07-31 12:59:38','bank_transfer','TEST-20250731123451-887799a0','3c5a77b6-2aee-47a9-8612-23cccb6ac598'),(17,42,26,171,'2025-08-02','2025-09-01','2025-08-02',20000000,1,20000000,0,'completed','paid',NULL,NULL,'2025-07-31 13:04:03','2025-08-02 13:57:15','bank_transfer','TEST-20250731130343-0075351a','ad4c6f01-b109-450e-83d5-8a08448c9208'),(18,42,3,69,'2025-08-06','2026-02-02','2026-02-02',795989,6,4775930,0,'active','paid',NULL,NULL,'2025-08-01 12:38:59','2025-08-01 12:38:59','bank_transfer','TEST-20250801123819-5a1b109c','28dbcc34-7924-4bd5-b3e9-dff28ac96aa2'),(19,44,3,70,'2025-08-10','2026-08-05','2026-08-05',1676440,12,20117200,0,'active','paid',NULL,NULL,'2025-08-01 13:00:42','2025-08-01 06:22:48','bank_transfer','TEST-20250801130017-82eeb457','ca1d16d5-0e62-4b4d-af2d-d7106a9c5d78'),(20,47,3,74,'2025-08-02','2025-09-01','2025-09-01',1738230,1,1738230,0,'active','paid',NULL,NULL,'2025-08-02 14:04:37','2025-08-02 14:04:37','bank_transfer','TEST-20250802140345-29fbdccd','75711946-1851-419c-95e9-47f424e7d12d'),(21,27,3,124,'2025-09-01','2026-02-28','2026-02-28',63540100,6,381240000,0,'active','paid',NULL,NULL,'2025-08-04 08:48:48','2025-08-04 08:48:48','bank_transfer','TEST-20250804084832-a45c9723','5b7abf2c-9472-4c92-9dee-3e85d2c9d381'),(22,27,32,175,'2025-08-13','2026-08-08','2026-08-08',8000000,12,96000000,0,'active','paid',NULL,NULL,'2025-08-04 11:15:10','2025-08-04 11:15:10','bank_transfer','TEST-20250804111431-83cecb34','22664198-516e-4833-9b7c-bd1df85af3af'),(23,27,32,174,'2025-08-27','2026-08-22','2026-08-22',8000000,12,96000000,0,'active','paid',NULL,NULL,'2025-08-05 11:09:00','2025-08-05 11:09:00','bank_transfer','TEST-20250805110834-0ac2304d','7c593588-fa60-4fa6-9df9-a402e41735a3'),(24,56,32,153,'2025-08-27','2027-08-17','2027-08-17',83904400,24,0,2013710000,'active','unpaid',0,NULL,'2025-08-05 07:33:37','2025-08-05 07:33:37',NULL,NULL,NULL),(25,62,32,154,'2025-08-28','2027-08-18','2027-08-18',24747700,24,0,593945000,'active','unpaid',0,NULL,'2025-08-05 07:35:24','2025-08-05 07:35:24',NULL,NULL,NULL),(26,63,32,151,'2025-08-29','2027-08-19','2027-08-19',42913700,24,0,1029930000,'active','unpaid',0,NULL,'2025-08-05 07:36:26','2025-08-05 07:36:26',NULL,NULL,NULL),(27,64,32,147,'2025-09-01','2026-08-27','2026-08-27',69918300,12,0,839020000,'active','unpaid',0,NULL,'2025-08-05 07:43:24','2025-08-05 07:43:24',NULL,NULL,NULL),(28,65,32,158,'2025-10-08','2027-09-28','2027-09-28',25082500,24,0,601980000,'active','unpaid',0,NULL,'2025-08-05 07:51:32','2025-08-05 07:51:32',NULL,NULL,NULL);
/*!40000 ALTER TABLE `rental_transactions` ENABLE KEYS */;
UNLOCK TABLES;

--
-- Table structure for table `user_favorites`
--

DROP TABLE IF EXISTS `user_favorites`;
/*!40101 SET @saved_cs_client     = @@character_set_client */;
/*!50503 SET character_set_client = utf8mb4 */;
CREATE TABLE `user_favorites` (
  `id` int NOT NULL AUTO_INCREMENT,
  `user_id` int NOT NULL,
  `asset_id` int NOT NULL,
  `created_at` timestamp NOT NULL DEFAULT CURRENT_TIMESTAMP,
  PRIMARY KEY (`id`),
  UNIQUE KEY `unique_user_asset` (`user_id`,`asset_id`),
  KEY `asset_id` (`asset_id`),
  CONSTRAINT `user_favorites_ibfk_1` FOREIGN KEY (`user_id`) REFERENCES `users` (`id`) ON DELETE CASCADE,
  CONSTRAINT `user_favorites_ibfk_2` FOREIGN KEY (`asset_id`) REFERENCES `rental_assets` (`id`) ON DELETE CASCADE
) ENGINE=InnoDB AUTO_INCREMENT=8 DEFAULT CHARSET=utf8mb4 COLLATE=utf8mb4_unicode_ci;
/*!40101 SET character_set_client = @saved_cs_client */;

--
-- Dumping data for table `user_favorites`
--

LOCK TABLES `user_favorites` WRITE;
/*!40000 ALTER TABLE `user_favorites` DISABLE KEYS */;
INSERT INTO `user_favorites` VALUES (1,3,64,'2025-07-28 20:55:56'),(3,3,67,'2025-07-28 20:56:10'),(6,26,69,'2025-07-30 21:35:13');
/*!40000 ALTER TABLE `user_favorites` ENABLE KEYS */;
UNLOCK TABLES;

--
-- Table structure for table `user_notifications`
--

DROP TABLE IF EXISTS `user_notifications`;
/*!40101 SET @saved_cs_client     = @@character_set_client */;
/*!50503 SET character_set_client = utf8mb4 */;
CREATE TABLE `user_notifications` (
  `id` int NOT NULL AUTO_INCREMENT,
  `user_id` int NOT NULL,
  `title` varchar(255) COLLATE utf8mb4_unicode_ci NOT NULL,
  `message` text COLLATE utf8mb4_unicode_ci NOT NULL,
  `type` enum('info','warning','success','error') COLLATE utf8mb4_unicode_ci DEFAULT 'info',
  `is_read` tinyint(1) DEFAULT '0',
  `related_type` varchar(50) COLLATE utf8mb4_unicode_ci DEFAULT NULL,
  `related_id` int DEFAULT NULL,
  `created_at` timestamp NOT NULL DEFAULT CURRENT_TIMESTAMP,
  PRIMARY KEY (`id`),
  KEY `user_id` (`user_id`),
  CONSTRAINT `user_notifications_ibfk_1` FOREIGN KEY (`user_id`) REFERENCES `users` (`id`) ON DELETE CASCADE
) ENGINE=InnoDB AUTO_INCREMENT=273 DEFAULT CHARSET=utf8mb4 COLLATE=utf8mb4_unicode_ci;
/*!40101 SET character_set_client = @saved_cs_client */;

--
-- Dumping data for table `user_notifications`
--

LOCK TABLES `user_notifications` WRITE;
/*!40000 ALTER TABLE `user_notifications` DISABLE KEYS */;
INSERT INTO `user_notifications` VALUES (1,3,'Pengajuan Sewa Ditolak','Maaf, pengajuan sewa Anda untuk Tanah Surabaya Timur 1 telah ditolak. Silakan hubungi admin untuk informasi lebih lanjut.','info',1,'rental_request',5,'2025-07-28 00:29:36'),(2,3,'Pengajuan Sewa Disetujui','Pengajuan sewa Anda untuk Tanah Surabaya Timur 1 telah disetujui. Transaksi sewa telah dibuat dan Anda dapat melihat detailnya di menu Riwayat Sewa.','info',1,'rental_request',4,'2025-07-28 00:29:38'),(3,3,'Pengajuan Sewa Disetujui','Pengajuan sewa Anda untuk Tanah Surabaya Timur 1 telah disetujui. Transaksi sewa telah dibuat dan Anda dapat melihat detailnya di menu Riwayat Sewa.','info',1,'rental_request',4,'2025-07-28 00:29:39'),(4,3,'Pengajuan Sewa Disetujui','Pengajuan sewa Anda untuk Tanah Surabaya Timur 1 telah disetujui. Transaksi sewa telah dibuat dan Anda dapat melihat detailnya di menu Riwayat Sewa.','info',1,'rental_request',4,'2025-07-28 00:29:39'),(5,3,'Pengajuan Sewa Disetujui','Pengajuan sewa Anda untuk Tanah Surabaya Timur 1 telah disetujui. Transaksi sewa telah dibuat dan Anda dapat melihat detailnya di menu Riwayat Sewa.','info',1,'rental_request',4,'2025-07-28 00:29:40'),(6,3,'Pengajuan Sewa Disetujui','Pengajuan sewa Anda untuk Tanah Surabaya Timur 1 telah disetujui. Transaksi sewa telah dibuat dan Anda dapat melihat detailnya di menu Riwayat Sewa.','info',1,'rental_request',4,'2025-07-28 00:29:40'),(7,3,'Pengajuan Sewa Disetujui','Pengajuan sewa Anda untuk Tanah Surabaya Timur 1 telah disetujui. Transaksi sewa telah dibuat dan Anda dapat melihat detailnya di menu Riwayat Sewa.','info',1,'rental_request',4,'2025-07-28 00:29:47'),(8,3,'Pengajuan Sewa Ditolak','Maaf, pengajuan sewa Anda untuk Tanah Surabaya Timur 1 telah ditolak. Silakan hubungi admin untuk informasi lebih lanjut.','info',1,'rental_request',4,'2025-07-28 00:30:09'),(9,3,'Pengajuan Sewa Disetujui','Pengajuan sewa Anda untuk Bangunan Surabaya Timur 3 telah disetujui. Transaksi sewa telah dibuat dan Anda dapat melihat detailnya di menu Riwayat Sewa.','info',1,'rental_request',6,'2025-07-28 00:33:20'),(10,3,'Pengajuan Sewa Disetujui','Pengajuan sewa Anda untuk Bangunan Surabaya Timur 3 telah disetujui. Transaksi sewa telah dibuat dan Anda dapat melihat detailnya di menu Riwayat Sewa.','info',1,'rental_request',6,'2025-07-28 00:33:20'),(11,3,'Pengajuan Sewa Disetujui','Pengajuan sewa Anda untuk Bangunan Surabaya Timur 3 telah disetujui. Transaksi sewa telah dibuat dan Anda dapat melihat detailnya di menu Riwayat Sewa.','info',1,'rental_request',6,'2025-07-28 00:33:20'),(12,3,'Pengajuan Sewa Disetujui','Pengajuan sewa Anda untuk Bangunan Surabaya Timur 3 telah disetujui. Transaksi sewa telah dibuat dan Anda dapat melihat detailnya di menu Riwayat Sewa.','info',1,'rental_request',6,'2025-07-28 00:41:10'),(13,3,'Pengajuan Sewa Disetujui','Pengajuan sewa Anda untuk Bangunan Surabaya Timur 3 telah disetujui. Transaksi sewa telah dibuat dan Anda dapat melihat detailnya di menu Riwayat Sewa.','info',1,'rental_request',6,'2025-07-28 00:41:10'),(14,3,'Pengajuan Sewa Disetujui','Pengajuan sewa Anda untuk Bangunan Surabaya Timur 3 telah disetujui. Transaksi sewa telah dibuat dan Anda dapat melihat detailnya di menu Riwayat Sewa.','info',1,'rental_request',6,'2025-07-28 00:41:10'),(15,3,'Pengajuan Sewa Disetujui','Pengajuan sewa Anda untuk Bangunan Surabaya Timur 3 telah disetujui. Transaksi sewa telah dibuat dan Anda dapat melihat detailnya di menu Riwayat Sewa.','info',1,'rental_request',6,'2025-07-28 00:41:11'),(16,3,'Pengajuan Sewa Disetujui','Pengajuan sewa Anda untuk Bangunan Surabaya Timur 3 telah disetujui. Transaksi sewa telah dibuat dan Anda dapat melihat detailnya di menu Riwayat Sewa.','info',1,'rental_request',6,'2025-07-28 00:41:11'),(17,3,'Pengajuan Sewa Disetujui','Pengajuan sewa Anda untuk Bangunan Surabaya Timur 3 telah disetujui. Transaksi sewa telah dibuat dan Anda dapat melihat detailnya di menu Riwayat Sewa.','info',1,'rental_request',6,'2025-07-28 00:41:11'),(18,3,'Pengajuan Sewa Disetujui','Pengajuan sewa Anda untuk Bangunan Surabaya Timur 3 telah disetujui. Transaksi sewa telah dibuat dan Anda dapat melihat detailnya di menu Riwayat Sewa.','info',1,'rental_request',6,'2025-07-28 00:41:11'),(19,3,'Pengajuan Sewa Disetujui','Pengajuan sewa Anda untuk Bangunan Surabaya Timur 3 telah disetujui. Transaksi sewa telah dibuat dan Anda dapat melihat detailnya di menu Riwayat Sewa.','info',1,'rental_request',6,'2025-07-28 00:41:36'),(20,3,'Pengajuan Sewa Disetujui','Pengajuan sewa Anda untuk Bangunan Surabaya Timur 3 telah disetujui. Transaksi sewa telah dibuat dan Anda dapat melihat detailnya di menu Riwayat Sewa.','info',1,'rental_request',6,'2025-07-28 00:41:37'),(21,3,'Pengajuan Sewa Disetujui','Pengajuan sewa Anda untuk Bangunan Surabaya Timur 3 telah disetujui. Transaksi sewa telah dibuat dan Anda dapat melihat detailnya di menu Riwayat Sewa.','info',1,'rental_request',6,'2025-07-28 00:41:37'),(22,3,'Pengajuan Sewa Disetujui','Pengajuan sewa Anda untuk Bangunan Surabaya Timur 3 telah disetujui. Transaksi sewa telah dibuat dan Anda dapat melihat detailnya di menu Riwayat Sewa.','info',1,'rental_request',6,'2025-07-28 00:41:37'),(23,3,'Pengajuan Sewa Disetujui','Pengajuan sewa Anda untuk Bangunan Surabaya Timur 3 telah disetujui. Transaksi sewa telah dibuat dan Anda dapat melihat detailnya di menu Riwayat Sewa.','info',1,'rental_request',6,'2025-07-28 00:41:38'),(24,3,'Pengajuan Sewa Disetujui','Pengajuan sewa Anda untuk Bangunan Surabaya Timur 3 telah disetujui. Transaksi sewa telah dibuat dan Anda dapat melihat detailnya di menu Riwayat Sewa.','info',1,'rental_request',6,'2025-07-28 00:51:42'),(25,3,'Pengajuan Sewa Disetujui','Pengajuan sewa Anda untuk Bangunan Surabaya Timur 3 telah disetujui. Transaksi sewa telah dibuat dan Anda dapat melihat detailnya di menu Riwayat Sewa.','info',1,'rental_request',6,'2025-07-28 00:51:42'),(26,3,'Pengajuan Sewa Disetujui','Pengajuan sewa Anda untuk Bangunan Surabaya Timur 3 telah disetujui. Transaksi sewa telah dibuat dan Anda dapat melihat detailnya di menu Riwayat Sewa.','info',1,'rental_request',6,'2025-07-28 00:51:42'),(27,3,'Pengajuan Sewa Disetujui','Pengajuan sewa Anda untuk Bangunan Surabaya Timur 3 telah disetujui. Transaksi sewa telah dibuat dan Anda dapat melihat detailnya di menu Riwayat Sewa.','info',1,'rental_request',6,'2025-07-28 00:51:42'),(28,3,'Pengajuan Sewa Disetujui','Pengajuan sewa Anda untuk Bangunan Surabaya Timur 3 telah disetujui. Transaksi sewa telah dibuat dan Anda dapat melihat detailnya di menu Riwayat Sewa.','info',1,'rental_request',6,'2025-07-28 00:51:42'),(29,3,'Pengajuan Sewa Disetujui','Pengajuan sewa Anda untuk Bangunan Surabaya Timur 3 telah disetujui. Transaksi sewa telah dibuat dan Anda dapat melihat detailnya di menu Riwayat Sewa.','info',1,'rental_request',6,'2025-07-28 00:51:42'),(30,3,'Pengajuan Sewa Disetujui','Pengajuan sewa Anda untuk Bangunan Surabaya Timur 3 telah disetujui. Transaksi sewa telah dibuat dan Anda dapat melihat detailnya di menu Riwayat Sewa.','info',1,'rental_request',6,'2025-07-28 00:51:43'),(31,3,'Pengajuan Sewa Disetujui','Pengajuan sewa Anda untuk Bangunan Surabaya Timur 3 telah disetujui. Transaksi sewa telah dibuat dan Anda dapat melihat detailnya di menu Riwayat Sewa.','info',1,'rental_request',6,'2025-07-28 00:51:43'),(32,3,'Pengajuan Sewa Disetujui','Pengajuan sewa Anda untuk Bangunan Surabaya Timur 3 telah disetujui. Transaksi sewa telah dibuat dan Anda dapat melihat detailnya di menu Riwayat Sewa.','info',1,'rental_request',6,'2025-07-28 00:51:43'),(33,3,'Pengajuan Sewa Disetujui','Pengajuan sewa Anda untuk Bangunan Surabaya Timur 3 telah disetujui. Transaksi sewa telah dibuat dan Anda dapat melihat detailnya di menu Riwayat Sewa.','info',1,'rental_request',6,'2025-07-28 00:51:43'),(34,3,'Pengajuan Sewa Disetujui','Pengajuan sewa Anda untuk Bangunan Surabaya Timur 3 telah disetujui. Transaksi sewa telah dibuat dan Anda dapat melihat detailnya di menu Riwayat Sewa.','info',1,'rental_request',6,'2025-07-28 00:51:43'),(35,3,'Pengajuan Sewa Disetujui','Pengajuan sewa Anda untuk Bangunan Surabaya Timur 3 telah disetujui. Transaksi sewa telah dibuat dan Anda dapat melihat detailnya di menu Riwayat Sewa.','info',1,'rental_request',6,'2025-07-28 00:51:43'),(36,3,'Pengajuan Sewa Disetujui','Pengajuan sewa Anda untuk Bangunan Surabaya Timur 3 telah disetujui. Transaksi sewa telah dibuat dan Anda dapat melihat detailnya di menu Riwayat Sewa.','info',1,'rental_request',6,'2025-07-28 00:51:43'),(37,3,'Pengajuan Sewa Disetujui','Pengajuan sewa Anda untuk Bangunan Surabaya Timur 3 telah disetujui. Transaksi sewa telah dibuat dan Anda dapat melihat detailnya di menu Riwayat Sewa.','info',1,'rental_request',6,'2025-07-28 00:51:43'),(38,3,'Pengajuan Sewa Disetujui','Pengajuan sewa Anda untuk Bangunan Surabaya Timur 3 telah disetujui. Transaksi sewa telah dibuat dan Anda dapat melihat detailnya di menu Riwayat Sewa.','info',1,'rental_request',6,'2025-07-28 00:51:43'),(39,3,'Pengajuan Sewa Disetujui','Pengajuan sewa Anda untuk Bangunan Surabaya Timur 3 telah disetujui. Transaksi sewa telah dibuat dan Anda dapat melihat detailnya di menu Riwayat Sewa.','info',1,'rental_request',6,'2025-07-28 00:51:43'),(40,3,'Pengajuan Sewa Disetujui','Pengajuan sewa Anda untuk Bangunan Surabaya Timur 3 telah disetujui. Transaksi sewa telah dibuat dan Anda dapat melihat detailnya di menu Riwayat Sewa.','info',1,'rental_request',6,'2025-07-28 00:51:44'),(41,3,'Pengajuan Sewa Disetujui','Pengajuan sewa Anda untuk Bangunan Surabaya Timur 3 telah disetujui. Transaksi sewa telah dibuat dan Anda dapat melihat detailnya di menu Riwayat Sewa.','info',1,'rental_request',6,'2025-07-28 00:51:44'),(42,3,'Pengajuan Sewa Disetujui','Pengajuan sewa Anda untuk Bangunan Surabaya Timur 3 telah disetujui. Transaksi sewa telah dibuat dan Anda dapat melihat detailnya di menu Riwayat Sewa.','info',1,'rental_request',6,'2025-07-28 00:51:44'),(43,3,'Pengajuan Sewa Disetujui','Pengajuan sewa Anda untuk Bangunan Surabaya Timur 3 telah disetujui. Transaksi sewa telah dibuat dan Anda dapat melihat detailnya di menu Riwayat Sewa.','info',1,'rental_request',6,'2025-07-28 00:51:44'),(44,3,'Pengajuan Sewa Disetujui','Pengajuan sewa Anda untuk Bangunan Surabaya Timur 3 telah disetujui. Transaksi sewa telah dibuat dan Anda dapat melihat detailnya di menu Riwayat Sewa.','info',1,'rental_request',6,'2025-07-28 00:51:44'),(45,3,'Pengajuan Sewa Disetujui','Pengajuan sewa Anda untuk Bangunan Surabaya Timur 3 telah disetujui. Transaksi sewa telah dibuat dan Anda dapat melihat detailnya di menu Riwayat Sewa.','info',1,'rental_request',6,'2025-07-28 00:51:44'),(46,3,'Pengajuan Sewa Disetujui','Pengajuan sewa Anda untuk Bangunan Surabaya Timur 3 telah disetujui. Transaksi sewa telah dibuat dan Anda dapat melihat detailnya di menu Riwayat Sewa.','info',1,'rental_request',6,'2025-07-28 00:52:05'),(47,3,'Pengajuan Sewa Disetujui','Pengajuan sewa Anda untuk Bangunan Surabaya Timur 3 telah disetujui. Transaksi sewa telah dibuat dan Anda dapat melihat detailnya di menu Riwayat Sewa.','info',1,'rental_request',6,'2025-07-28 00:52:05'),(48,3,'Pengajuan Sewa Disetujui','Pengajuan sewa Anda untuk Bangunan Surabaya Timur 3 telah disetujui. Transaksi sewa telah dibuat dan Anda dapat melihat detailnya di menu Riwayat Sewa.','info',1,'rental_request',6,'2025-07-28 01:33:10'),(49,3,'Pengajuan Sewa Disetujui','Pengajuan sewa Anda untuk Bangunan Surabaya Timur 3 telah disetujui. Transaksi sewa telah dibuat dan Anda dapat melihat detailnya di menu Riwayat Sewa.','info',1,'rental_request',6,'2025-07-28 01:33:10'),(50,3,'Pengajuan Sewa Disetujui','Pengajuan sewa Anda untuk Bangunan Surabaya Timur 3 telah disetujui. Transaksi sewa telah dibuat dan Anda dapat melihat detailnya di menu Riwayat Sewa.','info',1,'rental_request',6,'2025-07-28 01:33:10'),(51,3,'Pengajuan Sewa Disetujui','Pengajuan sewa Anda untuk Bangunan Surabaya Timur 3 telah disetujui. Transaksi sewa telah dibuat dan Anda dapat melihat detailnya di menu Riwayat Sewa.','info',1,'rental_request',6,'2025-07-28 01:33:10'),(52,3,'Pengajuan Sewa Disetujui','Pengajuan sewa Anda untuk Bangunan Surabaya Timur 3 telah disetujui. Transaksi sewa telah dibuat dan Anda dapat melihat detailnya di menu Riwayat Sewa.','info',1,'rental_request',6,'2025-07-28 01:33:11'),(53,3,'Pengajuan Sewa Disetujui','Pengajuan sewa Anda untuk Bangunan Surabaya Timur 3 telah disetujui. Transaksi sewa telah dibuat dan Anda dapat melihat detailnya di menu Riwayat Sewa.','info',1,'rental_request',6,'2025-07-28 01:33:11'),(54,3,'Pengajuan Sewa Disetujui','Pengajuan sewa Anda untuk Bangunan Surabaya Timur 3 telah disetujui. Transaksi sewa telah dibuat dan Anda dapat melihat detailnya di menu Riwayat Sewa.','info',1,'rental_request',6,'2025-07-28 01:34:35'),(55,3,'Pengajuan Sewa Disetujui','Pengajuan sewa Anda untuk Bangunan Surabaya Timur 3 telah disetujui. Transaksi sewa telah dibuat dan Anda dapat melihat detailnya di menu Riwayat Sewa.','info',1,'rental_request',6,'2025-07-28 01:34:35'),(56,3,'Pengajuan Sewa Disetujui','Pengajuan sewa Anda untuk Bangunan Surabaya Timur 3 telah disetujui. Transaksi sewa telah dibuat dan Anda dapat melihat detailnya di menu Riwayat Sewa.','info',1,'rental_request',6,'2025-07-28 01:34:36'),(57,3,'Pengajuan Sewa Disetujui','Pengajuan sewa Anda untuk Bangunan Surabaya Timur 3 telah disetujui. Transaksi sewa telah dibuat dan Anda dapat melihat detailnya di menu Riwayat Sewa.','info',1,'rental_request',6,'2025-07-28 01:34:36'),(58,3,'Pengajuan Sewa Disetujui','Pengajuan sewa Anda untuk Bangunan Surabaya Timur 3 telah disetujui. Transaksi sewa telah dibuat dan Anda dapat melihat detailnya di menu Riwayat Sewa.','info',1,'rental_request',6,'2025-07-28 01:34:36'),(59,3,'Pengajuan Sewa Disetujui','Pengajuan sewa Anda untuk Bangunan Surabaya Timur 3 telah disetujui. Transaksi sewa telah dibuat dan Anda dapat melihat detailnya di menu Riwayat Sewa.','info',1,'rental_request',6,'2025-07-28 01:34:36'),(60,3,'Pengajuan Sewa Disetujui','Pengajuan sewa Anda untuk Bangunan Surabaya Timur 3 telah disetujui. Transaksi sewa telah dibuat dan Anda dapat melihat detailnya di menu Riwayat Sewa.','info',1,'rental_request',6,'2025-07-28 01:35:00'),(61,3,'Pengajuan Sewa Disetujui','Pengajuan sewa Anda untuk Bangunan Surabaya Timur 3 telah disetujui. Transaksi sewa telah dibuat dan Anda dapat melihat detailnya di menu Riwayat Sewa.','info',1,'rental_request',6,'2025-07-28 01:35:00'),(62,3,'Pengajuan Sewa Disetujui','Pengajuan sewa Anda untuk Bangunan Surabaya Timur 3 telah disetujui. Transaksi sewa telah dibuat dan Anda dapat melihat detailnya di menu Riwayat Sewa.\n\nCatatan: Test approval','info',1,'rental_request',6,'2025-07-28 01:43:19'),(63,3,'Pengajuan Sewa Disetujui','Pengajuan sewa Anda untuk Bangunan Surabaya Timur 3 telah disetujui. Transaksi sewa telah dibuat dan Anda dapat melihat detailnya di menu Riwayat Sewa.\n\nCatatan: Disetujui melalui test script','info',1,'rental_request',6,'2025-07-28 01:44:14'),(64,3,'Pengajuan Sewa Ditolak','Maaf, pengajuan sewa Anda untuk Bangunan Surabaya Timur 3 telah ditolak. Silakan hubungi admin untuk informasi lebih lanjut.\n\nCatatan: Reset untuk test reject functionality','info',1,'rental_request',6,'2025-07-28 01:44:14'),(65,3,'Pengajuan Sewa Disetujui','Pengajuan sewa Anda untuk Tanah Surabaya Timur 1 telah disetujui. Transaksi sewa telah dibuat dan Anda dapat melihat detailnya di menu Riwayat Sewa.','info',1,'rental_request',7,'2025-07-28 01:50:09'),(66,3,'Pengajuan Sewa Disetujui','Pengajuan sewa Anda untuk Tanah Surabaya Timur 1 telah disetujui. Transaksi sewa telah dibuat dan Anda dapat melihat detailnya di menu Riwayat Sewa.','info',1,'rental_request',7,'2025-07-28 01:50:09'),(67,3,'Pengajuan Sewa Disetujui','Pengajuan sewa Anda untuk Tanah Surabaya Timur 1 telah disetujui. Transaksi sewa telah dibuat dan Anda dapat melihat detailnya di menu Riwayat Sewa.','info',1,'rental_request',7,'2025-07-28 01:50:10'),(68,3,'Pengajuan Sewa Disetujui','Pengajuan sewa Anda untuk Tanah Surabaya Timur 1 telah disetujui. Transaksi sewa telah dibuat dan Anda dapat melihat detailnya di menu Riwayat Sewa.','info',1,'rental_request',7,'2025-07-28 01:50:10'),(69,3,'Pengajuan Sewa Disetujui','Pengajuan sewa Anda untuk Tanah Surabaya Timur 1 telah disetujui. Transaksi sewa telah dibuat dan Anda dapat melihat detailnya di menu Riwayat Sewa.','info',1,'rental_request',7,'2025-07-28 01:50:10'),(70,3,'Pengajuan Sewa Disetujui','Pengajuan sewa Anda untuk Tanah Surabaya Timur 1 telah disetujui. Transaksi sewa telah dibuat dan Anda dapat melihat detailnya di menu Riwayat Sewa.','info',1,'rental_request',7,'2025-07-28 01:50:10'),(71,3,'Pengajuan Sewa Disetujui','Pengajuan sewa Anda untuk Tanah Surabaya Timur 1 telah disetujui. Transaksi sewa telah dibuat dan Anda dapat melihat detailnya di menu Riwayat Sewa.','info',1,'rental_request',7,'2025-07-28 01:50:10'),(72,3,'Pengajuan Sewa Disetujui','Pengajuan sewa Anda untuk Tanah Surabaya Timur 1 telah disetujui. Transaksi sewa telah dibuat dan Anda dapat melihat detailnya di menu Riwayat Sewa.','info',1,'rental_request',7,'2025-07-28 01:50:10'),(73,3,'Pengajuan Sewa Disetujui','Pengajuan sewa Anda untuk Tanah Surabaya Timur 1 telah disetujui. Transaksi sewa telah dibuat dan Anda dapat melihat detailnya di menu Riwayat Sewa.','info',1,'rental_request',7,'2025-07-28 01:50:10'),(74,3,'Pengajuan Sewa Disetujui','Pengajuan sewa Anda untuk Tanah Surabaya Timur 1 telah disetujui. Transaksi sewa telah dibuat dan Anda dapat melihat detailnya di menu Riwayat Sewa.','info',1,'rental_request',7,'2025-07-28 01:50:10'),(75,3,'Pengajuan Sewa Disetujui','Pengajuan sewa Anda untuk Tanah Surabaya Timur 1 telah disetujui. Transaksi sewa telah dibuat dan Anda dapat melihat detailnya di menu Riwayat Sewa.','info',1,'rental_request',7,'2025-07-28 01:50:10'),(76,3,'Pengajuan Sewa Disetujui','Pengajuan sewa Anda untuk Tanah Surabaya Timur 1 telah disetujui. Transaksi sewa telah dibuat dan Anda dapat melihat detailnya di menu Riwayat Sewa.','info',1,'rental_request',7,'2025-07-28 01:50:10'),(77,3,'Pengajuan Sewa Disetujui','Pengajuan sewa Anda untuk Tanah Surabaya Timur 1 telah disetujui. Transaksi sewa telah dibuat dan Anda dapat melihat detailnya di menu Riwayat Sewa.','info',1,'rental_request',7,'2025-07-28 01:50:11'),(78,3,'Pengajuan Sewa Disetujui','Pengajuan sewa Anda untuk Tanah Surabaya Timur 1 telah disetujui. Transaksi sewa telah dibuat dan Anda dapat melihat detailnya di menu Riwayat Sewa.','info',1,'rental_request',7,'2025-07-28 01:50:11'),(79,3,'Pengajuan Sewa Disetujui','Pengajuan sewa Anda untuk Tanah Surabaya Timur 1 telah disetujui. Transaksi sewa telah dibuat dan Anda dapat melihat detailnya di menu Riwayat Sewa.','info',1,'rental_request',7,'2025-07-28 01:50:11'),(80,3,'Pengajuan Sewa Disetujui','Pengajuan sewa Anda untuk Tanah Surabaya Timur 1 telah disetujui. Transaksi sewa telah dibuat dan Anda dapat melihat detailnya di menu Riwayat Sewa.','info',1,'rental_request',7,'2025-07-28 01:50:11'),(81,3,'Pengajuan Sewa Disetujui','Pengajuan sewa Anda untuk Tanah Surabaya Timur 1 telah disetujui. Transaksi sewa telah dibuat dan Anda dapat melihat detailnya di menu Riwayat Sewa.','info',1,'rental_request',7,'2025-07-28 01:50:11'),(82,3,'Pengajuan Sewa Disetujui','Pengajuan sewa Anda untuk Tanah Surabaya Timur 1 telah disetujui. Transaksi sewa telah dibuat dan Anda dapat melihat detailnya di menu Riwayat Sewa.','info',1,'rental_request',7,'2025-07-28 01:50:11'),(83,3,'Pengajuan Sewa Disetujui','Pengajuan sewa Anda untuk Tanah Surabaya Timur 1 telah disetujui. Transaksi sewa telah dibuat dan Anda dapat melihat detailnya di menu Riwayat Sewa.','info',1,'rental_request',7,'2025-07-28 01:50:11'),(84,3,'Pengajuan Sewa Disetujui','Pengajuan sewa Anda untuk Tanah Surabaya Timur 1 telah disetujui. Transaksi sewa telah dibuat dan Anda dapat melihat detailnya di menu Riwayat Sewa.','info',1,'rental_request',7,'2025-07-28 01:50:11'),(85,3,'Pengajuan Sewa Disetujui','Pengajuan sewa Anda untuk Tanah Surabaya Timur 1 telah disetujui. Transaksi sewa telah dibuat dan Anda dapat melihat detailnya di menu Riwayat Sewa.','info',1,'rental_request',7,'2025-07-28 01:50:11'),(86,3,'Pengajuan Sewa Disetujui','Pengajuan sewa Anda untuk Tanah Surabaya Timur 1 telah disetujui. Transaksi sewa telah dibuat dan Anda dapat melihat detailnya di menu Riwayat Sewa.','info',1,'rental_request',7,'2025-07-28 01:50:11'),(87,3,'Pengajuan Sewa Disetujui','Pengajuan sewa Anda untuk Tanah Surabaya Timur 1 telah disetujui. Transaksi sewa telah dibuat dan Anda dapat melihat detailnya di menu Riwayat Sewa.','info',1,'rental_request',7,'2025-07-28 01:50:18'),(88,3,'Pengajuan Sewa Disetujui','Pengajuan sewa Anda untuk Tanah Surabaya Timur 1 telah disetujui. Transaksi sewa telah dibuat dan Anda dapat melihat detailnya di menu Riwayat Sewa.','info',1,'rental_request',7,'2025-07-28 01:50:18'),(89,3,'Pengajuan Sewa Disetujui','Pengajuan sewa Anda untuk Tanah Surabaya Timur 1 telah disetujui. Transaksi sewa telah dibuat dan Anda dapat melihat detailnya di menu Riwayat Sewa.','info',1,'rental_request',7,'2025-07-28 01:50:18'),(90,3,'Pengajuan Sewa Disetujui','Pengajuan sewa Anda untuk Tanah Surabaya Timur 1 telah disetujui. Transaksi sewa telah dibuat dan Anda dapat melihat detailnya di menu Riwayat Sewa.','info',1,'rental_request',7,'2025-07-28 01:50:18'),(91,3,'Pengajuan Sewa Disetujui','Pengajuan sewa Anda untuk Tanah Surabaya Timur 1 telah disetujui. Transaksi sewa telah dibuat dan Anda dapat melihat detailnya di menu Riwayat Sewa.','info',1,'rental_request',7,'2025-07-28 01:50:18'),(92,3,'Pengajuan Sewa Disetujui','Pengajuan sewa Anda untuk Tanah Surabaya Timur 1 telah disetujui. Transaksi sewa telah dibuat dan Anda dapat melihat detailnya di menu Riwayat Sewa.','info',1,'rental_request',7,'2025-07-28 01:50:18'),(93,3,'Pengajuan Sewa Disetujui','Pengajuan sewa Anda untuk Tanah Surabaya Timur 1 telah disetujui. Transaksi sewa telah dibuat dan Anda dapat melihat detailnya di menu Riwayat Sewa.','info',1,'rental_request',7,'2025-07-28 01:50:18'),(94,3,'Pengajuan Sewa Disetujui','Pengajuan sewa Anda untuk Tanah Surabaya Timur 1 telah disetujui. Transaksi sewa telah dibuat dan Anda dapat melihat detailnya di menu Riwayat Sewa.','info',1,'rental_request',7,'2025-07-28 01:50:18'),(95,3,'Pengajuan Sewa Disetujui','Pengajuan sewa Anda untuk Tanah Surabaya Timur 1 telah disetujui. Transaksi sewa telah dibuat dan Anda dapat melihat detailnya di menu Riwayat Sewa.','info',1,'rental_request',7,'2025-07-28 01:50:18'),(96,3,'Pengajuan Sewa Disetujui','Pengajuan sewa Anda untuk Tanah Surabaya Timur 1 telah disetujui. Transaksi sewa telah dibuat dan Anda dapat melihat detailnya di menu Riwayat Sewa.','info',1,'rental_request',7,'2025-07-28 01:50:18'),(97,3,'Pengajuan Sewa Disetujui','Pengajuan sewa Anda untuk Tanah Surabaya Timur 1 telah disetujui. Transaksi sewa telah dibuat dan Anda dapat melihat detailnya di menu Riwayat Sewa.','info',1,'rental_request',7,'2025-07-28 01:50:19'),(98,3,'Pengajuan Sewa Disetujui','Pengajuan sewa Anda untuk Tanah Surabaya Timur 1 telah disetujui. Transaksi sewa telah dibuat dan Anda dapat melihat detailnya di menu Riwayat Sewa.','info',1,'rental_request',7,'2025-07-28 01:50:19'),(99,3,'Pengajuan Sewa Disetujui','Pengajuan sewa Anda untuk Tanah Surabaya Timur 1 telah disetujui. Transaksi sewa telah dibuat dan Anda dapat melihat detailnya di menu Riwayat Sewa.','info',1,'rental_request',7,'2025-07-28 01:50:19'),(100,3,'Pengajuan Sewa Disetujui','Pengajuan sewa Anda untuk Tanah Surabaya Timur 1 telah disetujui. Transaksi sewa telah dibuat dan Anda dapat melihat detailnya di menu Riwayat Sewa.','info',1,'rental_request',7,'2025-07-28 01:50:19'),(101,3,'Pengajuan Sewa Disetujui','Pengajuan sewa Anda untuk Tanah Surabaya Timur 1 telah disetujui. Transaksi sewa telah dibuat dan Anda dapat melihat detailnya di menu Riwayat Sewa.','info',1,'rental_request',7,'2025-07-28 01:50:19'),(102,3,'Pengajuan Sewa Disetujui','Pengajuan sewa Anda untuk Tanah Surabaya Timur 1 telah disetujui. Transaksi sewa telah dibuat dan Anda dapat melihat detailnya di menu Riwayat Sewa.','info',1,'rental_request',7,'2025-07-28 01:50:19'),(103,3,'Pengajuan Sewa Disetujui','Pengajuan sewa Anda untuk Tanah Surabaya Timur 1 telah disetujui. Transaksi sewa telah dibuat dan Anda dapat melihat detailnya di menu Riwayat Sewa.','info',1,'rental_request',7,'2025-07-28 01:50:19'),(104,3,'Pengajuan Sewa Disetujui','Pengajuan sewa Anda untuk Tanah Surabaya Timur 1 telah disetujui. Transaksi sewa telah dibuat dan Anda dapat melihat detailnya di menu Riwayat Sewa.','info',1,'rental_request',7,'2025-07-28 01:50:19'),(105,3,'Pengajuan Sewa Disetujui','Pengajuan sewa Anda untuk Tanah Surabaya Timur 1 telah disetujui. Transaksi sewa telah dibuat dan Anda dapat melihat detailnya di menu Riwayat Sewa.','info',1,'rental_request',7,'2025-07-28 01:50:20'),(106,3,'Pengajuan Sewa Disetujui','Pengajuan sewa Anda untuk Tanah Surabaya Timur 1 telah disetujui. Transaksi sewa telah dibuat dan Anda dapat melihat detailnya di menu Riwayat Sewa.','info',1,'rental_request',7,'2025-07-28 01:50:20'),(107,3,'Pengajuan Sewa Disetujui','Pengajuan sewa Anda untuk Tanah Surabaya Timur 1 telah disetujui. Transaksi sewa telah dibuat dan Anda dapat melihat detailnya di menu Riwayat Sewa.\n\nCatatan: Test dari debug script','info',1,'rental_request',7,'2025-07-28 01:53:05'),(108,3,'Pengajuan Sewa Disetujui','Pengajuan sewa Anda untuk Tanah Surabaya Timur 1 telah disetujui. Transaksi sewa telah dibuat dan Anda dapat melihat detailnya di menu Riwayat Sewa.','info',1,'rental_request',7,'2025-07-28 01:55:41'),(109,3,'Pengajuan Sewa Disetujui','Pengajuan sewa Anda untuk Tanah Surabaya Timur 1 telah disetujui. Transaksi sewa telah dibuat dan Anda dapat melihat detailnya di menu Riwayat Sewa.','info',1,'rental_request',7,'2025-07-28 01:55:41'),(110,3,'Pengajuan Sewa Disetujui','Pengajuan sewa Anda untuk Tanah Surabaya Timur 1 telah disetujui. Transaksi sewa telah dibuat dan Anda dapat melihat detailnya di menu Riwayat Sewa.','info',1,'rental_request',7,'2025-07-28 01:55:42'),(111,3,'Pengajuan Sewa Disetujui','Pengajuan sewa Anda untuk Tanah Surabaya Timur 1 telah disetujui. Transaksi sewa telah dibuat dan Anda dapat melihat detailnya di menu Riwayat Sewa.','info',1,'rental_request',7,'2025-07-28 01:55:51'),(112,3,'Pengajuan Sewa Disetujui','Pengajuan sewa Anda untuk Tanah Surabaya Timur 1 telah disetujui. Transaksi sewa telah dibuat dan Anda dapat melihat detailnya di menu Riwayat Sewa.','info',1,'rental_request',7,'2025-07-28 01:55:51'),(113,3,'Pengajuan Sewa Disetujui','Pengajuan sewa Anda untuk Tanah Surabaya Timur 1 telah disetujui. Transaksi sewa telah dibuat dan Anda dapat melihat detailnya di menu Riwayat Sewa.','info',1,'rental_request',7,'2025-07-28 01:55:51'),(114,3,'Pengajuan Sewa Disetujui','Pengajuan sewa Anda untuk Tanah Surabaya Timur 1 telah disetujui. Transaksi sewa telah dibuat dan Anda dapat melihat detailnya di menu Riwayat Sewa.','info',1,'rental_request',7,'2025-07-28 01:55:51'),(115,3,'Pengajuan Sewa Disetujui','Pengajuan sewa Anda untuk Tanah Surabaya Timur 1 telah disetujui. Transaksi sewa telah dibuat dan Anda dapat melihat detailnya di menu Riwayat Sewa.','info',1,'rental_request',7,'2025-07-28 01:55:52'),(116,3,'Pengajuan Sewa Disetujui','Pengajuan sewa Anda untuk Tanah Surabaya Timur 1 telah disetujui. Transaksi sewa telah dibuat dan Anda dapat melihat detailnya di menu Riwayat Sewa.','info',1,'rental_request',7,'2025-07-28 01:55:52'),(117,3,'Pengajuan Sewa Disetujui','Pengajuan sewa Anda untuk Tanah Surabaya Timur 1 telah disetujui. Transaksi sewa telah dibuat dan Anda dapat melihat detailnya di menu Riwayat Sewa.\n\nCatatan: Test approve dari debug','info',1,'rental_request',7,'2025-07-28 01:57:25'),(118,3,'Pengajuan Sewa Disetujui','Pengajuan sewa Anda untuk Tanah Surabaya Timur 1 telah disetujui. Transaksi sewa telah dibuat dan Anda dapat melihat detailnya di menu Riwayat Sewa.','info',1,'rental_request',7,'2025-07-28 01:59:17'),(119,3,'Pengajuan Sewa Disetujui','Pengajuan sewa Anda untuk Tanah Surabaya Timur 1 telah disetujui. Transaksi sewa telah dibuat dan Anda dapat melihat detailnya di menu Riwayat Sewa.','info',1,'rental_request',7,'2025-07-28 01:59:17'),(120,3,'Pengajuan Sewa Disetujui','Pengajuan sewa Anda untuk Tanah Surabaya Timur 1 telah disetujui. Transaksi sewa telah dibuat dan Anda dapat melihat detailnya di menu Riwayat Sewa.\n\nCatatan: Disetujui oleh admin','info',1,'rental_request',7,'2025-07-28 02:05:14'),(121,3,'Pengajuan Sewa Disetujui','Pengajuan sewa Anda untuk Tanah Surabaya Timur 1 telah disetujui. Transaksi sewa telah dibuat dan Anda dapat melihat detailnya di menu Riwayat Sewa.\n\nCatatan: Disetujui oleh admin','info',1,'rental_request',7,'2025-07-28 02:05:14'),(122,3,'Pengajuan Sewa Disetujui','Pengajuan sewa Anda untuk Tanah Surabaya Timur 1 telah disetujui. Transaksi sewa telah dibuat dan Anda dapat melihat detailnya di menu Riwayat Sewa.\n\nCatatan: Disetujui oleh admin','info',1,'rental_request',7,'2025-07-28 02:05:14'),(123,3,'Pengajuan Sewa Disetujui','Pengajuan sewa Anda untuk Tanah Surabaya Timur 1 telah disetujui. Transaksi sewa telah dibuat dan Anda dapat melihat detailnya di menu Riwayat Sewa.\n\nCatatan: Disetujui oleh admin','info',1,'rental_request',7,'2025-07-28 02:05:14'),(124,3,'Pengajuan Sewa Disetujui','Pengajuan sewa Anda untuk Tanah Surabaya Timur 1 telah disetujui. Transaksi sewa telah dibuat dan Anda dapat melihat detailnya di menu Riwayat Sewa.\n\nCatatan: Disetujui oleh admin','info',1,'rental_request',7,'2025-07-28 02:05:15'),(125,3,'Pengajuan Sewa Disetujui','Pengajuan sewa Anda untuk Tanah Surabaya Timur 1 telah disetujui. Transaksi sewa telah dibuat dan Anda dapat melihat detailnya di menu Riwayat Sewa.\n\nCatatan: Disetujui oleh admin','info',1,'rental_request',7,'2025-07-28 02:05:15'),(126,3,'Pengajuan Sewa Disetujui','Pengajuan sewa Anda untuk Tanah Surabaya Timur 1 telah disetujui. Transaksi sewa telah dibuat dan Anda dapat melihat detailnya di menu Riwayat Sewa.\n\nCatatan: Disetujui oleh admin','info',1,'rental_request',7,'2025-07-28 02:05:15'),(127,3,'Pengajuan Sewa Disetujui','Pengajuan sewa Anda untuk Tanah Surabaya Timur 1 telah disetujui. Transaksi sewa telah dibuat dan Anda dapat melihat detailnya di menu Riwayat Sewa.\n\nCatatan: Disetujui oleh admin','info',1,'rental_request',7,'2025-07-28 02:05:15'),(128,3,'Pengajuan Sewa Disetujui','Pengajuan sewa Anda untuk Tanah Surabaya Timur 1 telah disetujui. Transaksi sewa telah dibuat dan Anda dapat melihat detailnya di menu Riwayat Sewa.\n\nCatatan: Disetujui oleh admin','info',1,'rental_request',7,'2025-07-28 02:05:15'),(129,3,'Pengajuan Sewa Disetujui','Pengajuan sewa Anda untuk Tanah Surabaya Timur 1 telah disetujui. Transaksi sewa telah dibuat dan Anda dapat melihat detailnya di menu Riwayat Sewa.\n\nCatatan: Disetujui oleh admin','info',1,'rental_request',7,'2025-07-28 02:05:16'),(130,3,'Pengajuan Sewa Disetujui','Pengajuan sewa Anda untuk Tanah Surabaya Timur 1 telah disetujui. Transaksi sewa telah dibuat dan Anda dapat melihat detailnya di menu Riwayat Sewa.\n\nCatatan: Disetujui oleh admin','info',1,'rental_request',7,'2025-07-28 02:05:16'),(131,3,'Pengajuan Sewa Disetujui','Pengajuan sewa Anda untuk Tanah Surabaya Timur 1 telah disetujui. Transaksi sewa telah dibuat dan Anda dapat melihat detailnya di menu Riwayat Sewa.\n\nCatatan: Disetujui oleh admin','info',1,'rental_request',7,'2025-07-28 02:05:16'),(132,3,'Pengajuan Sewa Disetujui','Pengajuan sewa Anda untuk Tanah Surabaya Timur 1 telah disetujui. Transaksi sewa telah dibuat dan Anda dapat melihat detailnya di menu Riwayat Sewa.\n\nCatatan: Disetujui oleh admin','info',1,'rental_request',7,'2025-07-28 02:05:16'),(133,3,'Pengajuan Sewa Disetujui','Pengajuan sewa Anda untuk Tanah Surabaya Timur 1 telah disetujui. Transaksi sewa telah dibuat dan Anda dapat melihat detailnya di menu Riwayat Sewa.\n\nCatatan: Disetujui oleh admin','info',1,'rental_request',7,'2025-07-28 02:05:16'),(134,3,'Pengajuan Sewa Disetujui','Pengajuan sewa Anda untuk Tanah Surabaya Timur 1 telah disetujui. Transaksi sewa telah dibuat dan Anda dapat melihat detailnya di menu Riwayat Sewa.\n\nCatatan: Disetujui oleh admin','info',1,'rental_request',7,'2025-07-28 02:05:17'),(135,3,'Pengajuan Sewa Disetujui','Pengajuan sewa Anda untuk Tanah Surabaya Timur 1 telah disetujui. Transaksi sewa telah dibuat dan Anda dapat melihat detailnya di menu Riwayat Sewa.\n\nCatatan: Disetujui oleh admin','info',1,'rental_request',7,'2025-07-28 02:05:18'),(136,3,'Pengajuan Sewa Disetujui','Pengajuan sewa Anda untuk Tanah Surabaya Timur 1 telah disetujui. Transaksi sewa telah dibuat dan Anda dapat melihat detailnya di menu Riwayat Sewa.\n\nCatatan: Disetujui oleh admin','info',1,'rental_request',7,'2025-07-28 02:05:18'),(137,3,'Pengajuan Sewa Disetujui','Pengajuan sewa Anda untuk Tanah Surabaya Timur 1 telah disetujui. Transaksi sewa telah dibuat dan Anda dapat melihat detailnya di menu Riwayat Sewa.\n\nCatatan: Disetujui oleh admin','info',1,'rental_request',7,'2025-07-28 02:05:19'),(138,3,'Pengajuan Sewa Disetujui','Pengajuan sewa Anda untuk Tanah Surabaya Timur 1 telah disetujui. Transaksi sewa telah dibuat dan Anda dapat melihat detailnya di menu Riwayat Sewa.\n\nCatatan: Disetujui oleh admin','info',1,'rental_request',7,'2025-07-28 02:05:24'),(139,3,'Pengajuan Sewa Disetujui','Pengajuan sewa Anda untuk Tanah Surabaya Timur 1 telah disetujui. Transaksi sewa telah dibuat dan Anda dapat melihat detailnya di menu Riwayat Sewa.\n\nCatatan: Disetujui oleh admin','info',1,'rental_request',7,'2025-07-28 02:05:25'),(140,3,'Pengajuan Sewa Disetujui','Pengajuan sewa Anda untuk Tanah Surabaya Timur 1 telah disetujui. Transaksi sewa telah dibuat dan Anda dapat melihat detailnya di menu Riwayat Sewa.\n\nCatatan: Disetujui oleh admin','info',1,'rental_request',7,'2025-07-28 02:05:25'),(141,3,'Pengajuan Sewa Disetujui','Pengajuan sewa Anda untuk Tanah Surabaya Timur 1 telah disetujui. Transaksi sewa telah dibuat dan Anda dapat melihat detailnya di menu Riwayat Sewa.\n\nCatatan: Disetujui oleh admin','info',1,'rental_request',7,'2025-07-28 02:05:29'),(142,3,'Pengajuan Sewa Disetujui','Pengajuan sewa Anda untuk Tanah Surabaya Timur 1 telah disetujui. Transaksi sewa telah dibuat dan Anda dapat melihat detailnya di menu Riwayat Sewa.\n\nCatatan: Disetujui oleh admin','info',1,'rental_request',7,'2025-07-28 02:05:40'),(143,3,'Pengajuan Sewa Disetujui','Pengajuan sewa Anda untuk Tanah Surabaya Timur 1 telah disetujui. Transaksi sewa telah dibuat dan Anda dapat melihat detailnya di menu Riwayat Sewa.\n\nCatatan: Disetujui oleh admin','info',1,'rental_request',7,'2025-07-28 02:05:41'),(144,3,'Pengajuan Sewa Disetujui','Pengajuan sewa Anda untuk Tanah Surabaya Timur 1 telah disetujui. Transaksi sewa telah dibuat dan Anda dapat melihat detailnya di menu Riwayat Sewa.\n\nCatatan: Disetujui oleh admin','info',1,'rental_request',7,'2025-07-28 02:06:12'),(145,3,'Pengajuan Sewa Disetujui','Pengajuan sewa Anda untuk Tanah Surabaya Timur 1 telah disetujui. Transaksi sewa telah dibuat dan Anda dapat melihat detailnya di menu Riwayat Sewa.\n\nCatatan: Disetujui oleh admin','info',1,'rental_request',7,'2025-07-28 02:13:29'),(146,3,'Pengajuan Sewa Disetujui','Pengajuan sewa Anda untuk Tanah Surabaya Timur 1 telah disetujui. Transaksi sewa telah dibuat dan Anda dapat melihat detailnya di menu Riwayat Sewa.\n\nCatatan: Disetujui oleh admin','info',1,'rental_request',7,'2025-07-28 02:13:42'),(147,3,'Pengajuan Sewa Disetujui','Pengajuan sewa Anda untuk Tanah Surabaya Timur 1 telah disetujui. Transaksi sewa telah dibuat dan Anda dapat melihat detailnya di menu Riwayat Sewa.\n\nCatatan: Disetujui oleh admin','info',1,'rental_request',7,'2025-07-28 02:13:48'),(148,3,'Pengajuan Sewa Disetujui','Pengajuan sewa Anda untuk Tanah Surabaya Timur 1 telah disetujui. Transaksi sewa telah dibuat dan Anda dapat melihat detailnya di menu Riwayat Sewa.\n\nCatatan: Disetujui oleh admin','info',1,'rental_request',7,'2025-07-28 02:13:50'),(149,3,'Pengajuan Sewa Disetujui','Pengajuan sewa Anda untuk Tanah Surabaya Timur 1 telah disetujui. Transaksi sewa telah dibuat dan Anda dapat melihat detailnya di menu Riwayat Sewa.\n\nCatatan: Disetujui oleh admin','info',1,'rental_request',7,'2025-07-28 02:13:51'),(150,3,'Pengajuan Sewa Disetujui','Pengajuan sewa Anda untuk Tanah Surabaya Timur 1 telah disetujui. Transaksi sewa telah dibuat dan Anda dapat melihat detailnya di menu Riwayat Sewa.\n\nCatatan: Disetujui oleh admin','info',1,'rental_request',7,'2025-07-28 02:13:52'),(151,3,'Pengajuan Sewa Disetujui','Pengajuan sewa Anda untuk Tanah Surabaya Timur 1 telah disetujui. Transaksi sewa telah dibuat dan Anda dapat melihat detailnya di menu Riwayat Sewa.\n\nCatatan: Disetujui oleh admin','info',1,'rental_request',7,'2025-07-28 02:13:58'),(152,3,'Pengajuan Sewa Disetujui','Pengajuan sewa Anda untuk Tanah Surabaya Timur 1 telah disetujui. Transaksi sewa telah dibuat dan Anda dapat melihat detailnya di menu Riwayat Sewa.\n\nCatatan: Disetujui oleh admin','info',1,'rental_request',7,'2025-07-28 02:14:00'),(153,3,'Pengajuan Sewa Disetujui','Pengajuan sewa Anda untuk Tanah Surabaya Timur 1 telah disetujui. Transaksi sewa telah dibuat dan Anda dapat melihat detailnya di menu Riwayat Sewa.\n\nCatatan: Disetujui oleh admin','info',1,'rental_request',7,'2025-07-28 02:14:22'),(154,3,'Pengajuan Sewa Disetujui','Pengajuan sewa Anda untuk Tanah Surabaya Timur 1 telah disetujui. Transaksi sewa telah dibuat dan Anda dapat melihat detailnya di menu Riwayat Sewa.\n\nCatatan: Disetujui oleh admin','info',1,'rental_request',7,'2025-07-28 02:14:23'),(155,3,'Pengajuan Sewa Disetujui','Pengajuan sewa Anda untuk Tanah Surabaya Timur 1 telah disetujui. Transaksi sewa telah dibuat dan Anda dapat melihat detailnya di menu Riwayat Sewa.\n\nCatatan: Disetujui oleh admin','info',1,'rental_request',7,'2025-07-28 02:14:24'),(156,3,'Pengajuan Sewa Disetujui','Pengajuan sewa Anda untuk Tanah Surabaya Timur 1 telah disetujui. Transaksi sewa telah dibuat dan Anda dapat melihat detailnya di menu Riwayat Sewa.\n\nCatatan: Disetujui oleh admin','info',1,'rental_request',7,'2025-07-28 02:14:24'),(157,3,'Pengajuan Sewa Disetujui','Pengajuan sewa Anda untuk Tanah Surabaya Timur 1 telah disetujui. Transaksi sewa telah dibuat dan Anda dapat melihat detailnya di menu Riwayat Sewa.\n\nCatatan: Disetujui oleh admin','info',1,'rental_request',7,'2025-07-28 02:14:24'),(158,3,'Pengajuan Sewa Disetujui','Pengajuan sewa Anda untuk Tanah Surabaya Timur 1 telah disetujui. Transaksi sewa telah dibuat dan Anda dapat melihat detailnya di menu Riwayat Sewa.\n\nCatatan: Disetujui oleh admin','info',1,'rental_request',7,'2025-07-28 02:14:25'),(159,3,'Pengajuan Sewa Disetujui','Pengajuan sewa Anda untuk Tanah Surabaya Timur 1 telah disetujui. Transaksi sewa telah dibuat dan Anda dapat melihat detailnya di menu Riwayat Sewa.\n\nCatatan: Disetujui oleh admin','info',1,'rental_request',7,'2025-07-28 02:14:25'),(160,3,'Pengajuan Sewa Disetujui','Pengajuan sewa Anda untuk Tanah Surabaya Timur 1 telah disetujui. Transaksi sewa telah dibuat dan Anda dapat melihat detailnya di menu Riwayat Sewa.\n\nCatatan: Disetujui oleh admin','info',1,'rental_request',7,'2025-07-28 02:14:27'),(161,3,'Pengajuan Sewa Disetujui','Pengajuan sewa Anda untuk Tanah Surabaya Timur 1 telah disetujui. Transaksi sewa telah dibuat dan Anda dapat melihat detailnya di menu Riwayat Sewa.\n\nCatatan: Disetujui oleh admin','info',1,'rental_request',7,'2025-07-28 02:14:28'),(162,3,'Pengajuan Sewa Disetujui','Pengajuan sewa Anda untuk Tanah Surabaya Timur 1 telah disetujui. Transaksi sewa telah dibuat dan Anda dapat melihat detailnya di menu Riwayat Sewa.\n\nCatatan: Disetujui oleh admin','info',1,'rental_request',7,'2025-07-28 02:14:43'),(163,3,'Pengajuan Sewa Disetujui','Pengajuan sewa Anda untuk Tanah Surabaya Timur 1 telah disetujui. Transaksi sewa telah dibuat dan Anda dapat melihat detailnya di menu Riwayat Sewa.\n\nCatatan: Disetujui oleh admin','info',1,'rental_request',7,'2025-07-28 02:16:48'),(164,3,'Pengajuan Sewa Disetujui','Pengajuan sewa Anda untuk Tanah Surabaya Timur 1 telah disetujui. Transaksi sewa telah dibuat dan Anda dapat melihat detailnya di menu Riwayat Sewa.\n\nCatatan: Disetujui oleh admin','info',1,'rental_request',7,'2025-07-28 02:16:55'),(165,3,'Pengajuan Sewa Disetujui','Pengajuan sewa Anda untuk Tanah Surabaya Timur 1 telah disetujui. Transaksi sewa telah dibuat dan Anda dapat melihat detailnya di menu Riwayat Sewa.\n\nCatatan: Disetujui oleh admin','info',1,'rental_request',7,'2025-07-28 02:17:00'),(166,3,'Pengajuan Sewa Disetujui','Pengajuan sewa Anda untuk Tanah Surabaya Timur 1 telah disetujui. Transaksi sewa telah dibuat dan Anda dapat melihat detailnya di menu Riwayat Sewa.\n\nCatatan: Disetujui oleh admin','info',1,'rental_request',7,'2025-07-28 02:17:10'),(167,3,'Pengajuan Sewa Disetujui','Pengajuan sewa Anda untuk Tanah Surabaya Timur 1 telah disetujui. Transaksi sewa telah dibuat dan Anda dapat melihat detailnya di menu Riwayat Sewa.\n\nCatatan: Disetujui oleh admin','info',1,'rental_request',7,'2025-07-28 02:17:29'),(168,3,'Pengajuan Sewa Disetujui','Pengajuan sewa Anda untuk Tanah Surabaya Timur 1 telah disetujui. Transaksi sewa telah dibuat dan Anda dapat melihat detailnya di menu Riwayat Sewa.\n\nCatatan: Disetujui oleh admin','info',1,'rental_request',7,'2025-07-28 02:17:35'),(169,3,'Pengajuan Sewa Disetujui','Pengajuan sewa Anda untuk Tanah Surabaya Timur 1 telah disetujui. Transaksi sewa telah dibuat dan Anda dapat melihat detailnya di menu Riwayat Sewa.\n\nCatatan: Disetujui oleh admin','info',1,'rental_request',7,'2025-07-28 02:17:56'),(170,3,'Pengajuan Sewa Disetujui','Pengajuan sewa Anda untuk Tanah Surabaya Timur 1 telah disetujui. Transaksi sewa telah dibuat dan Anda dapat melihat detailnya di menu Riwayat Sewa.\n\nCatatan: Disetujui oleh admin','info',1,'rental_request',7,'2025-07-28 02:18:20'),(171,3,'Pengajuan Sewa Disetujui','Pengajuan sewa Anda untuk Tanah Surabaya Timur 1 telah disetujui. Transaksi sewa telah dibuat dan Anda dapat melihat detailnya di menu Riwayat Sewa.\n\nCatatan: Disetujui oleh admin','info',1,'rental_request',7,'2025-07-28 02:19:30'),(172,3,'Pengajuan Sewa Disetujui','Pengajuan sewa Anda untuk Tanah Surabaya Timur 1 telah disetujui. Transaksi sewa telah dibuat dan Anda dapat melihat detailnya di menu Riwayat Sewa.\n\nCatatan: Disetujui oleh admin','info',1,'rental_request',7,'2025-07-28 02:20:04'),(173,3,'Pengajuan Sewa Disetujui','Pengajuan sewa Anda untuk Tanah Surabaya Timur 1 telah disetujui. Transaksi sewa telah dibuat dan Anda dapat melihat detailnya di menu Riwayat Sewa.\n\nCatatan: Disetujui oleh admin','info',1,'rental_request',7,'2025-07-28 02:22:19'),(174,3,'Pengajuan Sewa Disetujui','Pengajuan sewa Anda untuk Tanah Surabaya Timur 1 telah disetujui. Transaksi sewa telah dibuat dan Anda dapat melihat detailnya di menu Riwayat Sewa.\n\nCatatan: Disetujui oleh admin','info',1,'rental_request',7,'2025-07-28 02:31:45'),(175,3,'Pengajuan Sewa Disetujui','Pengajuan sewa Anda untuk Tanah Surabaya Timur 1 telah disetujui. Transaksi sewa telah dibuat dan Anda dapat melihat detailnya di menu Riwayat Sewa.\n\nCatatan: Disetujui oleh admin','info',1,'rental_request',7,'2025-07-28 02:32:03'),(176,3,'Pengajuan Sewa Disetujui','Pengajuan sewa Anda untuk Tanah Surabaya Timur 1 telah disetujui. Transaksi sewa telah dibuat dan Anda dapat melihat detailnya di menu Riwayat Sewa.\n\nCatatan: Disetujui oleh admin','info',1,'rental_request',7,'2025-07-28 02:32:54'),(177,3,'Pengajuan Sewa Disetujui','Pengajuan sewa Anda untuk Tanah Surabaya Timur 1 telah disetujui. Transaksi sewa telah dibuat dan Anda dapat melihat detailnya di menu Riwayat Sewa.\n\nCatatan: Disetujui oleh admin','info',1,'rental_request',7,'2025-07-28 02:38:23'),(178,3,'Pengajuan Sewa Disetujui','Pengajuan sewa Anda untuk Bangunan Surabaya Timur 5 telah disetujui. Transaksi sewa telah dibuat dan Anda dapat melihat detailnya di menu Riwayat Sewa.\n\nCatatan: Disetujui oleh admin','info',1,'rental_request',8,'2025-07-28 02:39:11'),(179,3,'Pengajuan Sewa Disetujui','Pengajuan sewa Anda untuk Bangunan Surabaya Timur 5 telah disetujui. Transaksi sewa telah dibuat dan Anda dapat melihat detailnya di menu Riwayat Sewa.\n\nCatatan: Disetujui oleh admin','info',1,'rental_request',8,'2025-07-28 02:47:21'),(180,3,'Pengajuan Sewa Disetujui','Pengajuan sewa Anda untuk Bangunan Surabaya Timur 5 telah disetujui. Transaksi sewa telah dibuat dan Anda dapat melihat detailnya di menu Riwayat Sewa.\n\nCatatan: Disetujui oleh admin','info',1,'rental_request',8,'2025-07-28 02:48:23'),(181,3,'Pengajuan Sewa Disetujui','Pengajuan sewa Anda untuk Bangunan Surabaya Timur 5 telah disetujui. Transaksi sewa telah dibuat dan Anda dapat melihat detailnya di menu Riwayat Sewa.\n\nCatatan: Disetujui oleh admin','info',1,'rental_request',8,'2025-07-28 02:48:43'),(182,3,'Pengajuan Sewa Disetujui','Pengajuan sewa Anda untuk Bangunan Surabaya Timur 5 telah disetujui. Transaksi sewa telah dibuat dan Anda dapat melihat detailnya di menu Riwayat Sewa.\n\nCatatan: Disetujui oleh admin','info',1,'rental_request',8,'2025-07-28 02:49:22'),(183,1,'Pengajuan Sewa Disetujui','Pengajuan sewa Anda untuk Tanah Surabaya Pusat 2 telah disetujui. Transaksi sewa telah dibuat dan Anda dapat melihat detailnya di menu Riwayat Sewa.\n\nCatatan: Quick approval','info',0,'rental_request',9,'2025-07-28 03:00:25'),(184,1,'Pengajuan Sewa Disetujui','Pengajuan sewa Anda untuk Bangunan Surabaya Timur 3 telah disetujui. Transaksi sewa telah dibuat dan Anda dapat melihat detailnya di menu Riwayat Sewa.\n\nCatatan: Quick approval','info',0,'rental_request',10,'2025-07-28 03:00:25'),(185,1,'Pengajuan Sewa Disetujui','Pengajuan sewa Anda untuk Tanah Surabaya Pusat 2 telah disetujui. Transaksi sewa telah dibuat dan Anda dapat melihat detailnya di menu Riwayat Sewa.\n\nCatatan: Disetujui oleh admin','info',0,'rental_request',9,'2025-07-28 03:01:03'),(186,1,'Pengajuan Sewa Disetujui','Pengajuan sewa Anda untuk Tanah Surabaya Pusat 2 telah disetujui. Transaksi sewa telah dibuat dan Anda dapat melihat detailnya di menu Riwayat Sewa.\n\nCatatan: Disetujui oleh admin','info',0,'rental_request',9,'2025-07-28 08:57:43'),(187,1,'Pengajuan Sewa Ditolak','Maaf, pengajuan sewa Anda untuk Tanah Surabaya Pusat 2 telah ditolak. Silakan hubungi admin untuk informasi lebih lanjut.\n\nCatatan: -- Pilih Alasan --','info',0,'rental_request',9,'2025-07-28 09:04:54'),(188,1,'Pengajuan Sewa Ditolak','Maaf, pengajuan sewa Anda untuk Bangunan Surabaya Timur 3 telah ditolak. Silakan hubungi admin untuk informasi lebih lanjut.\n\nCatatan: -- Pilih Alasan --','info',0,'rental_request',10,'2025-07-28 09:04:56'),(189,1,'Pengajuan Sewa Disetujui','Pengajuan sewa Anda untuk Bangunan Surabaya Timur 3 telah disetujui. Transaksi sewa telah dibuat dan Anda dapat melihat detailnya di menu Riwayat Sewa.\n\nCatatan: Disetujui oleh admin','info',0,'rental_request',13,'2025-07-28 09:15:03'),(190,1,'Pengajuan Sewa Ditolak','Maaf, pengajuan sewa Anda untuk Bangunan Surabaya Timur 3 telah ditolak. Silakan hubungi admin untuk informasi lebih lanjut.\n\nCatatan: -- Pilih Alasan --','info',0,'rental_request',13,'2025-07-28 09:15:18'),(191,1,'Pengajuan Sewa Ditolak','Maaf, pengajuan sewa Anda untuk Tanah Surabaya Pusat 2 telah ditolak. Silakan hubungi admin untuk informasi lebih lanjut.\n\nCatatan: -- Pilih Alasan --','info',0,'rental_request',12,'2025-07-28 09:15:22'),(192,5,'Pengajuan Sewa Disetujui','Pengajuan sewa Anda untuk Tanah Surabaya Pusat 2 telah disetujui. Transaksi sewa telah dibuat dan Anda dapat melihat detailnya di menu Riwayat Sewa.\n\nCatatan: Disetujui oleh admin','info',0,'rental_request',14,'2025-07-28 09:17:53'),(193,5,'Pengajuan Sewa Disetujui','Pengajuan sewa Anda untuk Bangunan Surabaya Timur 3 telah disetujui. Transaksi sewa telah dibuat dan Anda dapat melihat detailnya di menu Riwayat Sewa.\n\nCatatan: Disetujui oleh admin','info',0,'rental_request',15,'2025-07-28 09:18:09'),(194,5,'Pengajuan Sewa Disetujui','Pengajuan sewa Anda untuk Bangunan Surabaya Timur 3 telah disetujui. Transaksi sewa telah dibuat dan Anda dapat melihat detailnya di menu Riwayat Sewa.\n\nCatatan: Disetujui oleh admin','info',0,'rental_request',16,'2025-07-28 16:56:46'),(195,5,'Pengajuan Sewa Disetujui','Pengajuan sewa Anda untuk Bangunan Surabaya Timur 3 telah disetujui. Transaksi sewa telah dibuat dan Anda dapat melihat detailnya di menu Riwayat Sewa.\n\nCatatan: Disetujui oleh admin','info',0,'rental_request',16,'2025-07-28 17:00:39'),(196,5,'Pengajuan Sewa Disetujui','Pengajuan sewa Anda untuk Tanah Surabaya Pusat 2 telah disetujui. Transaksi sewa telah dibuat dan Anda dapat melihat detailnya di menu Riwayat Sewa.\n\nCatatan: Disetujui oleh admin','info',0,'rental_request',14,'2025-07-28 17:00:47'),(197,5,'Pengajuan Sewa Disetujui','Pengajuan sewa Anda untuk Bangunan Surabaya Timur 3 telah disetujui. Transaksi sewa telah dibuat dan Anda dapat melihat detailnya di menu Riwayat Sewa.\n\nCatatan: Disetujui oleh admin','info',0,'rental_request',16,'2025-07-28 17:09:34'),(198,5,'Pengajuan Sewa Disetujui','Pengajuan sewa Anda untuk Bangunan Surabaya Timur 3 telah disetujui. Transaksi sewa telah dibuat dan Anda dapat melihat detailnya di menu Riwayat Sewa.\n\nCatatan: Disetujui oleh admin','info',0,'rental_request',16,'2025-07-28 17:09:46'),(199,5,'Pengajuan Sewa Disetujui','Pengajuan sewa Anda untuk Bangunan Surabaya Timur 3 telah disetujui. Transaksi sewa telah dibuat dan Anda dapat melihat detailnya di menu Riwayat Sewa.\n\nCatatan: Disetujui oleh admin','info',0,'rental_request',16,'2025-07-28 17:14:14'),(200,5,'Pengajuan Sewa Disetujui','Pengajuan sewa Anda untuk Bangunan Surabaya Timur 3 telah disetujui. Transaksi sewa telah dibuat dan Anda dapat melihat detailnya di menu Riwayat Sewa.\n\nCatatan: Disetujui oleh admin','info',0,'rental_request',16,'2025-07-28 18:28:15'),(201,5,'Permintaan Sewa Disetujui','Permintaan sewa Anda untuk Bangunan Surabaya Timur 3 telah disetujui.','info',0,'rental_request',16,'2025-07-28 19:40:29'),(202,5,'Permintaan Sewa Disetujui','Permintaan sewa Anda untuk Bangunan Surabaya Timur 3 telah disetujui.','info',0,'rental_request',15,'2025-07-28 19:45:03'),(203,1,'Pengajuan Sewa Disetujui','Pengajuan sewa Anda untuk Tanah Surabaya Timur 1 telah disetujui. Transaksi sewa telah dibuat dan Anda dapat melihat detailnya di menu Riwayat Sewa.','info',0,'rental_request',22,'2025-07-28 21:36:37'),(204,1,'Pengajuan Sewa Disetujui','Pengajuan sewa Anda untuk Tanah Surabaya Timur 1 telah disetujui. Transaksi sewa telah dibuat dan Anda dapat melihat detailnya di menu Riwayat Sewa.','info',0,'rental_request',22,'2025-07-28 21:43:47'),(205,3,'Pengajuan Sewa Disetujui','Pengajuan sewa Anda untuk Tanah Surabaya Pusat 2 telah disetujui. Transaksi sewa telah dibuat dan Anda dapat melihat detailnya di menu Riwayat Sewa.','info',1,'rental_request',25,'2025-07-28 21:45:16'),(206,3,'Pengajuan Sewa Disetujui','Pengajuan sewa Anda untuk Tanah Surabaya Pusat 2 telah disetujui. Transaksi sewa telah dibuat dan Anda dapat melihat detailnya di menu Riwayat Sewa.','info',1,'rental_request',25,'2025-07-28 21:45:49'),(207,3,'Pengajuan Sewa Disetujui','Pengajuan sewa Anda untuk Tanah Surabaya Pusat 2 telah disetujui. Transaksi sewa telah dibuat dan Anda dapat melihat detailnya di menu Riwayat Sewa.','info',1,'rental_request',25,'2025-07-28 22:58:55'),(208,3,'Pengajuan Sewa Disetujui','Pengajuan sewa Anda untuk Tanah Surabaya Pusat 2 telah disetujui. Transaksi sewa telah dibuat dan Anda dapat melihat detailnya di menu Riwayat Sewa.','info',1,'rental_request',25,'2025-07-28 23:22:24'),(209,3,'Pengajuan Sewa Disetujui','Pengajuan sewa Anda untuk Tanah Surabaya Pusat 2 telah disetujui. Transaksi sewa telah dibuat dan Anda dapat melihat detailnya di menu Riwayat Sewa.','info',1,'rental_request',25,'2025-07-28 23:27:34'),(210,3,'Pengajuan Sewa Disetujui','Pengajuan sewa Anda untuk Tanah Surabaya Pusat 2 telah disetujui. Transaksi sewa telah dibuat dan Anda dapat melihat detailnya di menu Riwayat Sewa.','info',1,'rental_request',25,'2025-07-28 23:27:43'),(211,3,'Pengajuan Sewa Disetujui','Pengajuan sewa Anda untuk Tanah Surabaya Pusat 2 telah disetujui. Transaksi sewa telah dibuat dan Anda dapat melihat detailnya di menu Riwayat Sewa.\n\nCatatan: Permintaan disetujui oleh admin','info',1,'rental_request',25,'2025-07-29 00:32:01'),(212,3,'Pengajuan Sewa Disetujui','Pengajuan sewa Anda untuk Tanah Surabaya Pusat 2 telah disetujui. Transaksi sewa telah dibuat dan Anda dapat melihat detailnya di menu Riwayat Sewa.\n\nCatatan: Permintaan disetujui oleh admin','info',1,'rental_request',25,'2025-07-29 00:36:40'),(213,3,'Pengajuan Sewa Disetujui','Pengajuan sewa Anda untuk Bangunan Surabaya Timur 5 telah disetujui. Transaksi sewa telah dibuat dan Anda dapat melihat detailnya di menu Riwayat Sewa.\n\nCatatan: Permintaan disetujui oleh admin','info',1,'rental_request',26,'2025-07-29 00:38:44'),(214,3,'Pengajuan Sewa Disetujui','Pengajuan sewa Anda untuk Bangunan Surabaya Timur 5 telah disetujui. Transaksi sewa telah dibuat dan Anda dapat melihat detailnya di menu Riwayat Sewa.\n\nCatatan: Permintaan disetujui oleh admin','info',1,'rental_request',26,'2025-07-29 00:39:11'),(215,3,'Pengajuan Sewa Disetujui','Pengajuan sewa Anda untuk Bangunan Surabaya Timur 5 telah disetujui. Transaksi sewa telah dibuat dan Anda dapat melihat detailnya di menu Riwayat Sewa.\n\nCatatan: Permintaan disetujui oleh admin','info',1,'rental_request',26,'2025-07-29 00:44:33'),(216,3,'Pengajuan Sewa Disetujui','Pengajuan sewa Anda untuk Bangunan Surabaya Timur 5 telah disetujui. Transaksi sewa telah dibuat dan Anda dapat melihat detailnya di menu Riwayat Sewa.\n\nCatatan: Permintaan disetujui oleh admin','info',1,'rental_request',26,'2025-07-29 00:44:58'),(217,3,'Pengajuan Sewa Disetujui','Pengajuan sewa Anda untuk Bangunan Surabaya Timur 5 telah disetujui. Transaksi sewa telah dibuat dan Anda dapat melihat detailnya di menu Riwayat Sewa.\n\nCatatan: Permintaan disetujui oleh admin','info',1,'rental_request',26,'2025-07-29 00:45:11'),(218,3,'Pengajuan Sewa Disetujui','Pengajuan sewa Anda untuk Bangunan Surabaya Timur 5 telah disetujui. Transaksi sewa telah dibuat dan Anda dapat melihat detailnya di menu Riwayat Sewa.\n\nCatatan: Permintaan disetujui oleh admin','info',1,'rental_request',26,'2025-07-29 00:45:23'),(219,3,'Pengajuan Sewa Disetujui','Pengajuan sewa Anda untuk Bangunan Surabaya Timur 5 telah disetujui. Transaksi sewa telah dibuat dan Anda dapat melihat detailnya di menu Riwayat Sewa.\n\nCatatan: Permintaan disetujui oleh admin','info',1,'rental_request',26,'2025-07-29 00:45:36'),(220,3,'Pengajuan Sewa Disetujui','Pengajuan sewa Anda untuk Bangunan Surabaya Timur 5 telah disetujui. Transaksi sewa telah dibuat dan Anda dapat melihat detailnya di menu Riwayat Sewa.\n\nCatatan: Permintaan disetujui oleh admin','info',1,'rental_request',26,'2025-07-29 00:55:43'),(221,3,'Pengajuan Sewa Disetujui','Pengajuan sewa Anda untuk Bangunan Surabaya Timur 5 telah disetujui. Transaksi sewa telah dibuat dan Anda dapat melihat detailnya di menu Riwayat Sewa.\n\nCatatan: Permintaan disetujui oleh admin','info',1,'rental_request',26,'2025-07-29 00:56:03'),(222,3,'Pengajuan Sewa Disetujui','Pengajuan sewa Anda untuk Bangunan Surabaya Timur 5 telah disetujui. Transaksi sewa telah dibuat dan Anda dapat melihat detailnya di menu Riwayat Sewa.\n\nCatatan: Permintaan disetujui oleh admin','info',1,'rental_request',26,'2025-07-29 00:56:07'),(223,3,'Pengajuan Sewa Disetujui','Pengajuan sewa Anda untuk Bangunan Surabaya Timur 5 telah disetujui. Transaksi sewa telah dibuat dan Anda dapat melihat detailnya di menu Riwayat Sewa.\n\nCatatan: Permintaan disetujui oleh admin','info',1,'rental_request',26,'2025-07-29 01:06:30'),(224,17,'Pengajuan Sewa Disetujui','Pengajuan sewa Anda untuk Gedung Serbaguna Rungkut telah disetujui. Transaksi sewa telah dibuat dan Anda dapat melihat detailnya di menu Riwayat Sewa.\n\nCatatan: Permintaan disetujui oleh admin','info',0,'rental_request',36,'2025-07-29 22:27:15'),(225,3,'Pengajuan Sewa Disetujui','Pengajuan sewa Anda untuk tanah brb telah disetujui. Transaksi sewa telah dibuat dan Anda dapat melihat detailnya di menu Riwayat Sewa.\n\nCatatan: Permintaan disetujui oleh admin','info',1,'rental_request',38,'2025-07-29 23:25:49'),(226,26,'Pengajuan Sewa Disetujui','Pengajuan sewa Anda untuk tanah dedi 4 telah disetujui. Transaksi sewa telah dibuat dan Anda dapat melihat detailnya di menu Riwayat Sewa.\n\nCatatan: Permintaan disetujui oleh admin','info',1,'rental_request',39,'2025-07-30 01:33:47'),(227,26,'Pengajuan Sewa Disetujui','Pengajuan sewa Anda untuk tanah dedi 5 telah disetujui. Transaksi sewa telah dibuat dan Anda dapat melihat detailnya di menu Riwayat Sewa.\n\nCatatan: Permintaan disetujui oleh admin','info',1,'rental_request',40,'2025-07-30 19:52:43'),(228,26,'Pengajuan Sewa Ditolak','Maaf, pengajuan sewa Anda untuk Tanah Surabaya Pusat 2 telah ditolak. Silakan hubungi admin untuk informasi lebih lanjut.','info',1,'rental_request',41,'2025-07-30 20:15:05'),(229,16,'Pengajuan Sewa Ditolak','Maaf, pengajuan sewa Anda untuk Gudang Logistik Tandes telah ditolak. Silakan hubungi admin untuk informasi lebih lanjut.','info',0,'rental_request',37,'2025-07-30 21:04:59'),(230,26,'TEST: Pengajuan Sewa Disetujui','TEST: Pengajuan sewa untuk aset Tanah Surabaya Barat 40 telah disetujui.','info',0,'rental_request',43,'2025-08-01 00:09:06'),(231,26,'Pengajuan Sewa Disetujui','Pengajuan sewa untuk aset Tanah Surabaya Barat 8 telah disetujui. Test approval','info',0,'rental_request',45,'2025-08-01 00:14:53'),(232,26,'Pengajuan Sewa Disetujui','Pengajuan sewa untuk aset \'Bangunan Surabaya Timur 9\' telah disetujui. Comprehensive test approval','info',0,'rental_request',46,'2025-08-01 00:16:54'),(233,3,'Pengajuan Sewa Disetujui','Pengajuan sewa Anda untuk Bangunan Surabaya Pusat 11 telah disetujui. Transaksi sewa telah dibuat dan Anda dapat melihat detailnya di menu Riwayat Sewa.\n\nCatatan: Permintaan disetujui oleh admin','info',1,'rental_request',47,'2025-08-01 23:40:28'),(234,26,'Pengajuan Sewa Ditolak','Maaf, pengajuan sewa Anda untuk Tanah Surabaya Barat 40 telah ditolak. Silakan hubungi admin untuk informasi lebih lanjut.','info',0,'rental_request',43,'2025-08-02 00:05:46'),(235,26,'Pengajuan Sewa Ditolak','Maaf, pengajuan sewa Anda untuk Bangunan Surabaya Selatan 6 telah ditolak. Silakan hubungi admin untuk informasi lebih lanjut.','info',0,'rental_request',42,'2025-08-02 00:05:48'),(236,3,'Pengajuan Sewa Disetujui','Pengajuan sewa Anda untuk Bangunan Surabaya Selatan 6 telah disetujui. Transaksi sewa telah dibuat dan Anda dapat melihat detailnya di menu Riwayat Sewa.\n\nCatatan: Permintaan disetujui oleh admin','info',1,'rental_request',48,'2025-08-02 00:11:36'),(237,3,'Pengajuan Sewa Disetujui','Pengajuan sewa Anda untuk Bangunan Surabaya Selatan 6 telah disetujui. Transaksi sewa telah dibuat dan Anda dapat melihat detailnya di menu Riwayat Sewa.\n\nCatatan: Permintaan disetujui oleh admin','info',1,'rental_request',48,'2025-08-02 00:13:33'),(238,3,'Pengajuan Sewa Disetujui','Pengajuan sewa Anda untuk Bangunan Surabaya Selatan 6 telah disetujui. Transaksi sewa telah dibuat dan Anda dapat melihat detailnya di menu Riwayat Sewa.\n\nCatatan: Permintaan disetujui oleh admin','info',1,'rental_request',48,'2025-08-02 00:13:38'),(239,4,'Pengajuan Sewa Ditolak','Maaf, pengajuan sewa Anda untuk Bangunan Surabaya Selatan 6 telah ditolak. Silakan hubungi admin untuk informasi lebih lanjut.','info',0,'rental_request',51,'2025-08-03 09:32:31'),(240,3,'Pengajuan Sewa Disetujui','Pengajuan sewa Anda untuk Gudang Penyimpanan Gubeng telah disetujui. Transaksi sewa telah dibuat dan Anda dapat melihat detailnya di menu Riwayat Sewa.\n\nCatatan: Permintaan disetujui oleh admin','info',1,'rental_request',52,'2025-08-03 09:32:35'),(241,3,'Pengajuan Sewa Disetujui','Pengajuan sewa Anda untuk Gudang Penyimpanan Gubeng telah disetujui. Transaksi sewa telah dibuat dan Anda dapat melihat detailnya di menu Riwayat Sewa.\n\nCatatan: Permintaan disetujui oleh admin','info',1,'rental_request',52,'2025-08-03 09:34:23'),(242,3,'Pengajuan Sewa Disetujui','Pengajuan sewa Anda untuk Gudang Penyimpanan Gubeng telah disetujui. Transaksi sewa telah dibuat dan Anda dapat melihat detailnya di menu Riwayat Sewa.\n\nCatatan: Permintaan disetujui oleh admin','info',1,'rental_request',52,'2025-08-03 09:44:54'),(243,3,'Pengajuan Sewa Disetujui','Pengajuan sewa Anda untuk Gudang Penyimpanan Gubeng telah disetujui. Transaksi sewa telah dibuat dan Anda dapat melihat detailnya di menu Riwayat Sewa.\n\nCatatan: Permintaan disetujui oleh admin','info',1,'rental_request',52,'2025-08-03 09:46:13'),(244,32,'Pengajuan Sewa Disetujui','Pengajuan sewa Anda untuk Ruko Commercial Wonokromo telah disetujui. Transaksi sewa telah dibuat dan Anda dapat melihat detailnya di menu Riwayat Sewa.\n\nCatatan: Permintaan disetujui oleh admin','info',1,'rental_request',54,'2025-08-03 21:19:07'),(245,32,'Pengajuan Sewa Disetujui','Pengajuan sewa Anda untuk Ruko Commercial Wonokromo telah disetujui. Transaksi sewa telah dibuat dan Anda dapat melihat detailnya di menu Riwayat Sewa.\n\nCatatan: Permintaan disetujui oleh admin','info',1,'rental_request',54,'2025-08-04 18:13:43'),(246,32,'Pengajuan Sewa Disetujui','Pengajuan sewa Anda untuk Ruko Commercial Wonokromo telah disetujui. Transaksi sewa telah dibuat dan Anda dapat melihat detailnya di menu Riwayat Sewa.\n\nCatatan: Permintaan disetujui oleh admin','info',1,'rental_request',54,'2025-08-04 18:15:15'),(247,32,'Test: Pengajuan Sewa Sedang Ditinjau','Test notifikasi untuk memastikan sistem berjalan dengan baik.','info',1,'test',999,'2025-08-04 23:54:45'),(248,32,'Test: Pengajuan Sewa Sedang Ditinjau','Test notifikasi untuk memastikan sistem berjalan dengan baik.','info',1,'test',999,'2025-08-04 23:55:27'),(249,32,'Pengajuan Sewa Sedang Ditinjau','Pengajuan sewa Anda untuk \"Pusat Distribusi Lakarsantri\" telah diterima dan sedang ditinjau oleh admin. Anda akan mendapat notifikasi setelah pengajuan diproses.','info',1,'rental_request',60,'2025-08-05 00:02:05'),(250,32,'Pengajuan Sewa Sedang Ditinjau','Pengajuan sewa Anda untuk \"Workshop Wiyung\" telah diterima dan sedang ditinjau oleh admin. Anda akan mendapat notifikasi setelah pengajuan diproses.','info',1,'rental_request',61,'2025-08-05 00:15:36'),(251,32,'Pengajuan Sewa Ditolak','Maaf, pengajuan sewa Anda untuk Kantor Regional Benowo telah ditolak. Silakan hubungi admin untuk informasi lebih lanjut.','info',1,'rental_request',55,'2025-08-05 00:16:26'),(252,32,'Pengajuan Sewa Ditolak','Maaf, pengajuan sewa Anda untuk Workshop Wiyung telah ditolak. Silakan hubungi admin untuk informasi lebih lanjut.','info',1,'rental_request',61,'2025-08-05 00:16:32'),(253,32,'Pengajuan Sewa Ditolak','Maaf, pengajuan sewa Anda untuk Pusat Distribusi Lakarsantri telah ditolak. Silakan hubungi admin untuk informasi lebih lanjut.','info',1,'rental_request',60,'2025-08-05 00:16:36'),(254,32,'Pengajuan Sewa Ditolak','Maaf, pengajuan sewa Anda untuk Showroom Tenggilis Mejoyo telah ditolak. Silakan hubungi admin untuk informasi lebih lanjut.','info',1,'rental_request',59,'2025-08-05 00:24:26'),(255,32,'Pengajuan Sewa Ditolak','Maaf, pengajuan sewa Anda untuk Kantor Regional Benowo telah ditolak. Silakan hubungi admin untuk informasi lebih lanjut.','info',1,'rental_request',58,'2025-08-05 00:24:28'),(256,32,'Pengajuan Sewa Ditolak','Maaf, pengajuan sewa Anda untuk Pusat Distribusi Lakarsantri telah ditolak. Silakan hubungi admin untuk informasi lebih lanjut.','info',1,'rental_request',57,'2025-08-05 00:24:32'),(257,32,'Pengajuan Sewa Disetujui','Pengajuan sewa Anda untuk Kantor Regional Benowo telah disetujui. Transaksi sewa telah dibuat dan Anda dapat melihat detailnya di menu Riwayat Sewa.\n\nCatatan: Permintaan disetujui oleh admin','info',1,'rental_request',56,'2025-08-05 00:24:34'),(258,32,'Pengajuan Sewa Disetujui','Pengajuan sewa Anda untuk Kantor Regional Benowo telah disetujui. Transaksi sewa telah dibuat dan Anda dapat melihat detailnya di menu Riwayat Sewa.\n\nCatatan: Permintaan disetujui oleh admin','info',1,'rental_request',56,'2025-08-05 00:24:42'),(259,32,'Pengajuan Sewa Disetujui','Pengajuan sewa Anda untuk Kantor Regional Benowo telah disetujui. Transaksi sewa telah dibuat dan Anda dapat melihat detailnya di menu Riwayat Sewa.\n\nCatatan: Permintaan disetujui oleh admin','info',1,'rental_request',56,'2025-08-05 00:25:10'),(260,32,'Pengajuan Sewa Disetujui','Pengajuan sewa Anda untuk Kantor Regional Benowo telah disetujui. Transaksi sewa telah dibuat dan Anda dapat melihat detailnya di menu Riwayat Sewa.\n\nCatatan: Permintaan disetujui oleh admin','info',1,'rental_request',56,'2025-08-05 00:25:22'),(261,32,'Pengajuan Sewa Disetujui','Pengajuan sewa Anda untuk Kantor Regional Benowo telah disetujui. Transaksi sewa telah dibuat dan Anda dapat melihat detailnya di menu Riwayat Sewa.\n\nCatatan: Permintaan disetujui oleh admin','info',1,'rental_request',56,'2025-08-05 00:26:17'),(262,32,'Pengajuan Sewa Disetujui','Pengajuan sewa Anda untuk Kantor Regional Benowo telah disetujui. Transaksi sewa telah dibuat dan Anda dapat melihat detailnya di menu Riwayat Sewa.\n\nCatatan: Permintaan disetujui oleh admin','info',1,'rental_request',56,'2025-08-05 00:26:26'),(263,32,'Pengajuan Sewa Disetujui','Pengajuan sewa Anda untuk Kantor Regional Benowo telah disetujui. Transaksi sewa telah dibuat dan Anda dapat melihat detailnya di menu Riwayat Sewa.\n\nCatatan: Permintaan disetujui oleh admin','info',1,'rental_request',56,'2025-08-05 00:27:06'),(264,32,'Pengajuan Sewa Disetujui','Pengajuan sewa Anda untuk Kantor Regional Benowo telah disetujui. Transaksi sewa telah dibuat dan Anda dapat melihat detailnya di menu Riwayat Sewa.\n\nCatatan: Permintaan disetujui oleh admin','info',1,'rental_request',56,'2025-08-05 00:33:37'),(265,32,'Permintaan sewa sedang ditinjau admin','Permintaan sewa Anda untuk \"Fasilitas Produksi Pakal\" telah diterima dan sedang ditinjau oleh admin. Kami akan menghubungi Anda dalam 1x24 jam. Terima kasih atas kesabaran Anda.','info',1,'rental_request',62,'2025-08-05 00:34:37'),(266,32,'Pengajuan Sewa Disetujui','Pengajuan sewa Anda untuk Fasilitas Produksi Pakal telah disetujui. Transaksi sewa telah dibuat dan Anda dapat melihat detailnya di menu Riwayat Sewa.\n\nCatatan: Permintaan disetujui oleh admin','info',1,'rental_request',62,'2025-08-05 00:35:24'),(267,32,'Permintaan sewa sedang ditinjau admin','Permintaan sewa Anda untuk \"Workshop Wiyung\" telah diterima dan sedang ditinjau oleh admin. Kami akan menghubungi Anda dalam 1x24 jam. Terima kasih atas kesabaran Anda.','info',1,'rental_request',63,'2025-08-05 00:36:09'),(268,32,'Pengajuan Sewa Disetujui','Pengajuan sewa Anda untuk Workshop Wiyung telah disetujui. Transaksi sewa telah dibuat dan Anda dapat melihat detailnya di menu Riwayat Sewa.\n\nCatatan: Permintaan disetujui oleh admin','info',1,'rental_request',63,'2025-08-05 00:36:26'),(269,32,'Permintaan sewa sedang ditinjau admin','Permintaan sewa Anda untuk \"Gedung Perkantoran Sukolilo\" telah diterima dan sedang ditinjau oleh admin. Kami akan menghubungi Anda dalam 1x24 jam. Terima kasih atas kesabaran Anda.','info',1,'rental_request',64,'2025-08-05 00:43:06'),(270,32,'Pengajuan Sewa Disetujui','Pengajuan sewa Anda untuk Gedung Perkantoran Sukolilo telah disetujui. Transaksi sewa telah dibuat dan Anda dapat melihat detailnya di menu Riwayat Sewa.\n\nCatatan: Permintaan disetujui oleh admin','info',1,'rental_request',64,'2025-08-05 00:43:24'),(271,32,'Permintaan sewa sedang ditinjau admin','Permintaan sewa Anda untuk \"Gedung Training Sambikerep\" telah diterima dan sedang ditinjau oleh admin. Kami akan menghubungi Anda dalam 1x24 jam. Terima kasih atas kesabaran Anda.','info',1,'rental_request',65,'2025-08-05 00:46:52'),(272,32,'Pengajuan Sewa Disetujui','Pengajuan sewa Anda untuk Gedung Training Sambikerep telah disetujui. Transaksi sewa telah dibuat dan Anda dapat melihat detailnya di menu Riwayat Sewa.\n\nCatatan: Permintaan disetujui oleh admin','info',1,'rental_request',65,'2025-08-05 00:51:32');
/*!40000 ALTER TABLE `user_notifications` ENABLE KEYS */;
UNLOCK TABLES;

--
-- Table structure for table `users`
--

DROP TABLE IF EXISTS `users`;
/*!40101 SET @saved_cs_client     = @@character_set_client */;
/*!50503 SET character_set_client = utf8mb4 */;
CREATE TABLE `users` (
  `id` int NOT NULL AUTO_INCREMENT,
  `name` varchar(100) COLLATE utf8mb4_unicode_ci NOT NULL,
  `email` varchar(100) COLLATE utf8mb4_unicode_ci NOT NULL,
  `password` varchar(255) COLLATE utf8mb4_unicode_ci NOT NULL,
  `role` enum('admin','pengguna') COLLATE utf8mb4_unicode_ci NOT NULL DEFAULT 'pengguna',
  `phone` varchar(20) COLLATE utf8mb4_unicode_ci DEFAULT NULL,
  `address` text COLLATE utf8mb4_unicode_ci,
  `created_at` timestamp NOT NULL DEFAULT CURRENT_TIMESTAMP,
  `updated_at` timestamp NOT NULL DEFAULT CURRENT_TIMESTAMP ON UPDATE CURRENT_TIMESTAMP,
  PRIMARY KEY (`id`),
  UNIQUE KEY `email` (`email`)
) ENGINE=InnoDB AUTO_INCREMENT=33 DEFAULT CHARSET=utf8mb4 COLLATE=utf8mb4_unicode_ci;
/*!40101 SET character_set_client = @saved_cs_client */;

--
-- Dumping data for table `users`
--

LOCK TABLES `users` WRITE;
/*!40000 ALTER TABLE `users` DISABLE KEYS */;
INSERT INTO `users` VALUES (1,'Admin','admin@telkom.co.id','scrypt:32768:8:1$1WjWjeCo6KG0KjRy$237e845e693bdf380db4cc82217628f946e44b696ab3388ed8e46463bf4ffe8c6f253e8ed617922f64cf976fb73b95139c885cb5fcf7f5c4b16abd79a66cd6d6','admin','08123456789','Surabaya','2025-07-28 02:06:21','2025-08-05 03:19:59'),(2,'Test User','user@telkom.co.id','pbkdf2:sha256:600000$3InndD589sWhiHay$bb1d4f8956dd982545e59caddda5ad4f6c4c2559e994f958e2701076b5e98c9b','pengguna','08123456788','Surabaya','2025-07-28 02:07:17','2025-07-28 02:07:17'),(3,'arya','arya@gmail.com','scrypt:32768:8:1$vaLUupSCHNJZ2LVC$24ec9fa05178ddf5b936a4aeea8211d4b211d0a12c7cd7a01f26d48bce1cfbf6f6ab17865d6a4c22c2563f9686695d00b9a9fc116158848d1c866cbc740f59cb','pengguna',NULL,NULL,'2025-07-28 05:16:07','2025-08-05 03:19:59'),(4,'Administrator','admin@example.com','pbkdf2:sha256:600000$gluLZYYIgbI2xFqw$ae1f7b3eba8259bf41834f9384f4ef9bba69e9f526bd2f4eccf5ab5f74bd5231','admin','08123456789','Surabaya','2025-07-28 08:43:18','2025-07-28 08:43:18'),(5,'rara','rara@gmail.com','scrypt:32768:8:1$XNAOzvCrV9XJTk1D$8596ce717f07597b263f7201ee38d2f55f4eff46db3236f5ba53ed2951cbd019494aa2f08b7163ed6468adc38cab5b034a90483f31c6200a74489493d7cf53fe','pengguna',NULL,NULL,'2025-07-28 16:15:55','2025-07-28 16:15:55'),(6,'Andi Pratama','andi.pratama@email.com','scrypt:32768:8:1$3IdzcQ3j1aRsA1sf$1aeb68ab43c371ff3d773a1bbb20faebc993bd910a5cd4b18be2d0d893a99d0fd8393e9c68d6dd0f2b9b5e945f39827c67dc7e3023a3c80578c91added23e219','pengguna','0835098043','Alamat Andi Pratama, Surabaya','2025-07-30 04:44:18','2025-07-30 04:44:18'),(7,'Budi Wijaya','budi.wijaya@email.com','scrypt:32768:8:1$3IdzcQ3j1aRsA1sf$1aeb68ab43c371ff3d773a1bbb20faebc993bd910a5cd4b18be2d0d893a99d0fd8393e9c68d6dd0f2b9b5e945f39827c67dc7e3023a3c80578c91added23e219','pengguna','0869821060','Alamat Budi Wijaya, Surabaya','2025-07-30 04:44:18','2025-07-30 04:44:18'),(8,'Citra Santoso','citra.santoso@email.com','scrypt:32768:8:1$3IdzcQ3j1aRsA1sf$1aeb68ab43c371ff3d773a1bbb20faebc993bd910a5cd4b18be2d0d893a99d0fd8393e9c68d6dd0f2b9b5e945f39827c67dc7e3023a3c80578c91added23e219','pengguna','0829733880','Alamat Citra Santoso, Surabaya','2025-07-30 04:44:18','2025-07-30 04:44:18'),(9,'Dewi Maharani','dewi.maharani@email.com','scrypt:32768:8:1$3IdzcQ3j1aRsA1sf$1aeb68ab43c371ff3d773a1bbb20faebc993bd910a5cd4b18be2d0d893a99d0fd8393e9c68d6dd0f2b9b5e945f39827c67dc7e3023a3c80578c91added23e219','pengguna','0879700364','Alamat Dewi Maharani, Surabaya','2025-07-30 04:44:18','2025-07-30 04:44:18'),(10,'Eko Kurniawan','eko.kurniawan@email.com','scrypt:32768:8:1$3IdzcQ3j1aRsA1sf$1aeb68ab43c371ff3d773a1bbb20faebc993bd910a5cd4b18be2d0d893a99d0fd8393e9c68d6dd0f2b9b5e945f39827c67dc7e3023a3c80578c91added23e219','pengguna','0868643359','Alamat Eko Kurniawan, Surabaya','2025-07-30 04:44:18','2025-07-30 04:44:18'),(11,'Fitri Sari','fitri.sari@email.com','scrypt:32768:8:1$3IdzcQ3j1aRsA1sf$1aeb68ab43c371ff3d773a1bbb20faebc993bd910a5cd4b18be2d0d893a99d0fd8393e9c68d6dd0f2b9b5e945f39827c67dc7e3023a3c80578c91added23e219','pengguna','0811213881','Alamat Fitri Sari, Surabaya','2025-07-30 04:44:18','2025-07-30 04:44:18'),(12,'Gita Putra','gita.putra@email.com','scrypt:32768:8:1$3IdzcQ3j1aRsA1sf$1aeb68ab43c371ff3d773a1bbb20faebc993bd910a5cd4b18be2d0d893a99d0fd8393e9c68d6dd0f2b9b5e945f39827c67dc7e3023a3c80578c91added23e219','pengguna','0846537767','Alamat Gita Putra, Surabaya','2025-07-30 04:44:18','2025-07-30 04:44:18'),(13,'Hadi Lestari','hadi.lestari@email.com','scrypt:32768:8:1$3IdzcQ3j1aRsA1sf$1aeb68ab43c371ff3d773a1bbb20faebc993bd910a5cd4b18be2d0d893a99d0fd8393e9c68d6dd0f2b9b5e945f39827c67dc7e3023a3c80578c91added23e219','pengguna','0892058500','Alamat Hadi Lestari, Surabaya','2025-07-30 04:44:18','2025-07-30 04:44:18'),(14,'Indira Nugroho','indira.nugroho@email.com','scrypt:32768:8:1$3IdzcQ3j1aRsA1sf$1aeb68ab43c371ff3d773a1bbb20faebc993bd910a5cd4b18be2d0d893a99d0fd8393e9c68d6dd0f2b9b5e945f39827c67dc7e3023a3c80578c91added23e219','pengguna','0893110744','Alamat Indira Nugroho, Surabaya','2025-07-30 04:44:18','2025-07-30 04:44:18'),(15,'Joko Rahayu','joko.rahayu@email.com','scrypt:32768:8:1$3IdzcQ3j1aRsA1sf$1aeb68ab43c371ff3d773a1bbb20faebc993bd910a5cd4b18be2d0d893a99d0fd8393e9c68d6dd0f2b9b5e945f39827c67dc7e3023a3c80578c91added23e219','pengguna','0889809395','Alamat Joko Rahayu, Surabaya','2025-07-30 04:44:18','2025-07-30 04:44:18'),(16,'Kartika Setiawan','kartika.setiawan@email.com','scrypt:32768:8:1$3IdzcQ3j1aRsA1sf$1aeb68ab43c371ff3d773a1bbb20faebc993bd910a5cd4b18be2d0d893a99d0fd8393e9c68d6dd0f2b9b5e945f39827c67dc7e3023a3c80578c91added23e219','pengguna','0866720363','Alamat Kartika Setiawan, Surabaya','2025-07-30 04:44:18','2025-07-30 04:44:18'),(17,'Lina Anggraini','lina.anggraini@email.com','scrypt:32768:8:1$3IdzcQ3j1aRsA1sf$1aeb68ab43c371ff3d773a1bbb20faebc993bd910a5cd4b18be2d0d893a99d0fd8393e9c68d6dd0f2b9b5e945f39827c67dc7e3023a3c80578c91added23e219','pengguna','0893155159','Alamat Lina Anggraini, Surabaya','2025-07-30 04:44:18','2025-07-30 04:44:18'),(18,'Maya Hidayat','maya.hidayat@email.com','scrypt:32768:8:1$3IdzcQ3j1aRsA1sf$1aeb68ab43c371ff3d773a1bbb20faebc993bd910a5cd4b18be2d0d893a99d0fd8393e9c68d6dd0f2b9b5e945f39827c67dc7e3023a3c80578c91added23e219','pengguna','0817391139','Alamat Maya Hidayat, Surabaya','2025-07-30 04:44:18','2025-07-30 04:44:18'),(19,'Novi Fitriani','novi.fitriani@email.com','scrypt:32768:8:1$3IdzcQ3j1aRsA1sf$1aeb68ab43c371ff3d773a1bbb20faebc993bd910a5cd4b18be2d0d893a99d0fd8393e9c68d6dd0f2b9b5e945f39827c67dc7e3023a3c80578c91added23e219','pengguna','0844084200','Alamat Novi Fitriani, Surabaya','2025-07-30 04:44:18','2025-07-30 04:44:18'),(20,'Omar Gunawan','omar.gunawan@email.com','scrypt:32768:8:1$3IdzcQ3j1aRsA1sf$1aeb68ab43c371ff3d773a1bbb20faebc993bd910a5cd4b18be2d0d893a99d0fd8393e9c68d6dd0f2b9b5e945f39827c67dc7e3023a3c80578c91added23e219','pengguna','0822701630','Alamat Omar Gunawan, Surabaya','2025-07-30 04:44:18','2025-07-30 04:44:18'),(21,'Putri Safitri','putri.safitri@email.com','scrypt:32768:8:1$3IdzcQ3j1aRsA1sf$1aeb68ab43c371ff3d773a1bbb20faebc993bd910a5cd4b18be2d0d893a99d0fd8393e9c68d6dd0f2b9b5e945f39827c67dc7e3023a3c80578c91added23e219','pengguna','0815593022','Alamat Putri Safitri, Surabaya','2025-07-30 04:44:18','2025-07-30 04:44:18'),(22,'Rini Wibowo','rini.wibowo@email.com','scrypt:32768:8:1$3IdzcQ3j1aRsA1sf$1aeb68ab43c371ff3d773a1bbb20faebc993bd910a5cd4b18be2d0d893a99d0fd8393e9c68d6dd0f2b9b5e945f39827c67dc7e3023a3c80578c91added23e219','pengguna','0865701987','Alamat Rini Wibowo, Surabaya','2025-07-30 04:44:18','2025-07-30 04:44:18'),(23,'Sari Permata','sari.permata@email.com','scrypt:32768:8:1$3IdzcQ3j1aRsA1sf$1aeb68ab43c371ff3d773a1bbb20faebc993bd910a5cd4b18be2d0d893a99d0fd8393e9c68d6dd0f2b9b5e945f39827c67dc7e3023a3c80578c91added23e219','pengguna','0865151325','Alamat Sari Permata, Surabaya','2025-07-30 04:44:18','2025-07-30 04:44:18'),(24,'Tono Susanto','tono.susanto@email.com','scrypt:32768:8:1$3IdzcQ3j1aRsA1sf$1aeb68ab43c371ff3d773a1bbb20faebc993bd910a5cd4b18be2d0d893a99d0fd8393e9c68d6dd0f2b9b5e945f39827c67dc7e3023a3c80578c91added23e219','pengguna','0828892141','Alamat Tono Susanto, Surabaya','2025-07-30 04:44:18','2025-07-30 04:44:18'),(25,'Umi Andriani','umi.andriani@email.com','scrypt:32768:8:1$3IdzcQ3j1aRsA1sf$1aeb68ab43c371ff3d773a1bbb20faebc993bd910a5cd4b18be2d0d893a99d0fd8393e9c68d6dd0f2b9b5e945f39827c67dc7e3023a3c80578c91added23e219','pengguna','0833100060','Alamat Umi Andriani, Surabaya','2025-07-30 04:44:18','2025-07-30 04:44:18'),(26,'adolf hitler','zulfa@nazi.com','pbkdf2:sha256:600000$stmtYofTZKCHEafb$91fc7049f594b25e407e8c9ddf966086e32b86194b67ec3f5c05571c34a09905','pengguna',NULL,NULL,'2025-07-30 07:42:46','2025-07-30 07:42:46'),(28,'Test Payment User','payment@test.com','payment_user_dummy','',NULL,NULL,'2025-07-31 03:58:00','2025-07-31 03:58:00'),(29,'Test QR Payment','testqr@example.com','payment_user_dummy','',NULL,NULL,'2025-07-31 04:01:21','2025-07-31 04:01:21'),(30,'Test User','testuser@test.com','scrypt:32768:8:1$VqrgTwlo0nz21wOq$95e8c80b162f134972bbff106fff68b724d5887392feaa70db5f416264d5ebf1a2a4163c65ff51793913607f391a539e23f44a6d2b95b1aebb1ce73ef7affa19','pengguna',NULL,NULL,'2025-08-03 15:15:33','2025-08-03 15:15:33'),(31,'hao','hao@gmail.com','scrypt:32768:8:1$1oDbheF4VxGwneUR$2c7d5ac8248c81857153d1d1c1f9d46e1f8bd0452b0b2228d5616aea8d200a016ee21af992da3416faae1dcf3aaa23886535ac70f49d3afedc622fabd937a41e','pengguna',NULL,NULL,'2025-08-04 01:50:55','2025-08-04 01:50:55'),(32,'tio','tio@gmail.com','scrypt:32768:8:1$AZGe7lbxmPBWx2PD$2280e92b78fb8c9d7650a40653fde6d1e2795f7c4869fefbf52348fd6ea2130e5d16e4df5b71f15bbd4604dee2a4535c3c4c764b8717b569015b8f6a4b2300de','pengguna',NULL,NULL,'2025-08-04 03:51:25','2025-08-04 03:51:25');
/*!40000 ALTER TABLE `users` ENABLE KEYS */;
UNLOCK TABLES;

--
-- Dumping routines for database 'db_kp'
--
/*!40103 SET TIME_ZONE=@OLD_TIME_ZONE */;

/*!40101 SET SQL_MODE=@OLD_SQL_MODE */;
/*!40014 SET FOREIGN_KEY_CHECKS=@OLD_FOREIGN_KEY_CHECKS */;
/*!40014 SET UNIQUE_CHECKS=@OLD_UNIQUE_CHECKS */;
/*!40101 SET CHARACTER_SET_CLIENT=@OLD_CHARACTER_SET_CLIENT */;
/*!40101 SET CHARACTER_SET_RESULTS=@OLD_CHARACTER_SET_RESULTS */;
/*!40101 SET COLLATION_CONNECTION=@OLD_COLLATION_CONNECTION */;
/*!40111 SET SQL_NOTES=@OLD_SQL_NOTES */;

-- Dump completed on 2025-08-08 14:50:23
